149.0,155.0,163.0,172.0,178.0,183.0,186.0,187.0,187.0,184.0,181.0,176.0,173.0,172.0,172.0,173.0,174.0,176.0,179.0,181.0,183.0,184.0,185.0,187.0,190.0,193.0,194.0,196.0,197.0,197.0,195.0,193.0,194.0,194.0,194.0,195.0,194.0,196.0,197.0,196.0,197.0,197.0,197.0,196.0,197.0,196.0,196.0,196.0,196.0,196.0,195.0,196.0,197.0,198.0,198.0,198.0,198.0,198.0,199.0,198.0,199.0,198.0,196.0,195.0,192.0,190.0,188.0,188.0,192.0,194.0,196.0,195.0,195.0,193.0,189.0,185.0,183.0,182.0,179.0,177.0,171.0,167.0,168.0,166.0,162.0,156.0,152.0,144.0,135.0,127.0,121.0,111.0,106.0,104.0,104.0,104.0,106.0,107.0,108.0,114.0,120.0,124.0,130.0,138.0,146.0,153.0,162.0,167.0,170.0,174.0,177.0,176.0,174.0,173.0,170.0,168.0,166.0,163.0,163.0,162.0,160.0,158.0,159.0,159.0,161.0,161.0,161.0,164.0
144.0,153.0,163.0,172.0,180.0,184.0,187.0,188.0,187.0,182.0,178.0,174.0,170.0,170.0,171.0,172.0,173.0,175.0,179.0,182.0,184.0,186.0,188.0,191.0,193.0,196.0,197.0,197.0,197.0,198.0,197.0,196.0,196.0,196.0,197.0,197.0,197.0,198.0,198.0,196.0,197.0,198.0,198.0,198.0,198.0,196.0,194.0,196.0,196.0,197.0,197.0,197.0,197.0,198.0,197.0,197.0,196.0,197.0,198.0,197.0,197.0,195.0,194.0,194.0,191.0,189.0,187.0,190.0,194.0,195.0,196.0,195.0,196.0,194.0,192.0,187.0,186.0,185.0,185.0,180.0,178.0,177.0,176.0,174.0,169.0,164.0,156.0,150.0,142.0,136.0,125.0,118.0,114.0,108.0,105.0,105.0,104.0,104.0,105.0,110.0,114.0,118.0,123.0,128.0,134.0,143.0,153.0,160.0,166.0,174.0,175.0,173.0,176.0,174.0,173.0,170.0,167.0,165.0,164.0,162.0,161.0,160.0,160.0,162.0,162.0,161.0,163.0,164.0
146.0,155.0,164.0,173.0,181.0,185.0,187.0,187.0,185.0,183.0,177.0,173.0,170.0,170.0,171.0,173.0,174.0,177.0,180.0,185.0,186.0,190.0,192.0,193.0,196.0,198.0,198.0,198.0,198.0,199.0,199.0,198.0,198.0,199.0,200.0,199.0,197.0,199.0,198.0,197.0,198.0,198.0,198.0,198.0,198.0,197.0,196.0,197.0,198.0,198.0,199.0,198.0,198.0,198.0,197.0,197.0,196.0,197.0,197.0,197.0,196.0,194.0,193.0,193.0,191.0,188.0,188.0,192.0,195.0,197.0,197.0,197.0,197.0,194.0,191.0,187.0,186.0,188.0,185.0,184.0,183.0,180.0,180.0,178.0,172.0,166.0,161.0,155.0,150.0,141.0,132.0,127.0,121.0,114.0,113.0,108.0,105.0,104.0,104.0,105.0,110.0,113.0,114.0,120.0,124.0,135.0,154.0,157.0,172.0,176.0,173.0,173.0,175.0,175.0,174.0,171.0,168.0,166.0,163.0,162.0,161.0,161.0,161.0,162.0,163.0,161.0,163.0,164.0
149.0,158.0,168.0,176.0,183.0,186.0,187.0,187.0,185.0,180.0,176.0,178.0,187.0,186.0,181.0,177.0,176.0,178.0,182.0,187.0,190.0,193.0,196.0,197.0,198.0,200.0,200.0,200.0,200.0,200.0,201.0,201.0,200.0,201.0,201.0,200.0,199.0,199.0,198.0,198.0,198.0,198.0,198.0,198.0,198.0,198.0,199.0,199.0,200.0,201.0,201.0,199.0,199.0,199.0,198.0,197.0,198.0,199.0,198.0,199.0,197.0,196.0,194.0,193.0,190.0,189.0,190.0,194.0,195.0,197.0,197.0,197.0,197.0,194.0,189.0,187.0,188.0,188.0,187.0,186.0,184.0,184.0,179.0,173.0,170.0,166.0,164.0,161.0,152.0,143.0,138.0,134.0,128.0,122.0,119.0,114.0,109.0,106.0,106.0,105.0,104.0,106.0,108.0,115.0,121.0,156.0,154.0,179.0,187.0,182.0,170.0,172.0,174.0,173.0,173.0,172.0,170.0,167.0,164.0,163.0,162.0,163.0,162.0,162.0,163.0,163.0,163.0,163.0
156.0,163.0,171.0,177.0,183.0,186.0,187.0,184.0,182.0,179.0,186.0,206.0,196.0,189.0,194.0,193.0,189.0,182.0,185.0,191.0,195.0,198.0,200.0,201.0,202.0,202.0,203.0,203.0,203.0,202.0,202.0,202.0,202.0,202.0,202.0,201.0,202.0,200.0,198.0,198.0,197.0,198.0,198.0,199.0,200.0,201.0,202.0,203.0,202.0,202.0,201.0,201.0,200.0,200.0,200.0,200.0,200.0,200.0,199.0,200.0,199.0,198.0,196.0,195.0,193.0,192.0,192.0,195.0,195.0,196.0,197.0,197.0,197.0,193.0,187.0,186.0,187.0,187.0,185.0,183.0,182.0,181.0,176.0,170.0,167.0,164.0,163.0,160.0,151.0,147.0,144.0,139.0,132.0,129.0,123.0,117.0,113.0,108.0,104.0,103.0,101.0,98.0,117.0,136.0,188.0,216.0,228.0,225.0,229.0,218.0,185.0,171.0,172.0,172.0,171.0,171.0,170.0,167.0,164.0,163.0,163.0,163.0,162.0,163.0,164.0,163.0,163.0,163.0
160.0,167.0,174.0,180.0,183.0,185.0,185.0,183.0,180.0,182.0,206.0,176.0,131.0,129.0,135.0,150.0,176.0,189.0,190.0,194.0,199.0,202.0,203.0,205.0,205.0,205.0,205.0,204.0,204.0,204.0,204.0,203.0,202.0,202.0,202.0,202.0,201.0,200.0,200.0,199.0,197.0,199.0,199.0,200.0,203.0,203.0,204.0,205.0,205.0,205.0,204.0,203.0,202.0,202.0,202.0,201.0,202.0,202.0,202.0,202.0,202.0,200.0,199.0,198.0,195.0,194.0,195.0,196.0,196.0,198.0,197.0,197.0,196.0,191.0,186.0,185.0,186.0,184.0,183.0,182.0,180.0,177.0,171.0,165.0,164.0,163.0,160.0,158.0,154.0,151.0,146.0,143.0,137.0,132.0,125.0,118.0,112.0,108.0,104.0,100.0,106.0,117.0,191.0,226.0,203.0,189.0,142.0,145.0,147.0,191.0,223.0,183.0,167.0,168.0,170.0,170.0,170.0,168.0,164.0,163.0,163.0,162.0,163.0,163.0,164.0,163.0,163.0,162.0
168.0,173.0,179.0,183.0,185.0,184.0,183.0,181.0,177.0,187.0,202.0,141.0,148.0,143.0,147.0,139.0,138.0,156.0,169.0,197.0,202.0,206.0,207.0,206.0,206.0,207.0,207.0,206.0,206.0,205.0,205.0,204.0,204.0,204.0,204.0,203.0,204.0,202.0,202.0,201.0,199.0,200.0,201.0,202.0,205.0,206.0,207.0,208.0,208.0,207.0,206.0,206.0,205.0,203.0,202.0,203.0,204.0,205.0,205.0,205.0,205.0,203.0,203.0,201.0,200.0,197.0,197.0,197.0,198.0,198.0,198.0,197.0,193.0,190.0,188.0,186.0,185.0,183.0,181.0,180.0,178.0,174.0,166.0,163.0,161.0,159.0,157.0,153.0,153.0,149.0,146.0,141.0,136.0,131.0,124.0,117.0,112.0,106.0,101.0,108.0,153.0,223.0,216.0,171.0,149.0,160.0,162.0,158.0,147.0,141.0,183.0,191.0,162.0,165.0,167.0,169.0,168.0,167.0,165.0,164.0,163.0,163.0,164.0,164.0,164.0,163.0,163.0,163.0
174.0,178.0,184.0,186.0,187.0,184.0,180.0,177.0,174.0,189.0,184.0,130.0,145.0,160.0,168.0,161.0,144.0,135.0,146.0,148.0,183.0,202.0,207.0,209.0,209.0,209.0,208.0,208.0,207.0,207.0,206.0,206.0,206.0,206.0,206.0,205.0,207.0,203.0,203.0,202.0,203.0,203.0,204.0,205.0,207.0,208.0,209.0,211.0,211.0,210.0,209.0,207.0,206.0,205.0,204.0,206.0,206.0,207.0,208.0,207.0,207.0,206.0,206.0,204.0,203.0,201.0,200.0,200.0,200.0,199.0,200.0,197.0,194.0,191.0,188.0,186.0,185.0,184.0,183.0,180.0,177.0,171.0,162.0,160.0,154.0,151.0,149.0,147.0,146.0,144.0,139.0,136.0,131.0,127.0,122.0,114.0,112.0,103.0,118.0,195.0,224.0,170.0,153.0,170.0,179.0,186.0,176.0,171.0,163.0,153.0,152.0,198.0,169.0,157.0,162.0,165.0,166.0,165.0,166.0,165.0,164.0,164.0,164.0,163.0,163.0,163.0,162.0,162.0
179.0,183.0,186.0,188.0,188.0,184.0,179.0,174.0,174.0,201.0,159.0,143.0,157.0,166.0,175.0,177.0,172.0,168.0,161.0,148.0,135.0,153.0,195.0,209.0,210.0,211.0,209.0,208.0,209.0,209.0,209.0,209.0,209.0,209.0,209.0,209.0,209.0,207.0,207.0,206.0,206.0,206.0,207.0,208.0,209.0,210.0,211.0,212.0,212.0,212.0,211.0,210.0,209.0,208.0,207.0,208.0,208.0,209.0,210.0,210.0,209.0,209.0,208.0,206.0,206.0,204.0,202.0,202.0,203.0,202.0,201.0,198.0,195.0,192.0,189.0,188.0,187.0,187.0,186.0,182.0,177.0,171.0,164.0,156.0,149.0,145.0,141.0,139.0,138.0,135.0,130.0,127.0,126.0,122.0,117.0,109.0,108.0,123.0,215.0,215.0,178.0,173.0,194.0,187.0,195.0,193.0,193.0,190.0,172.0,160.0,148.0,182.0,184.0,152.0,155.0,159.0,162.0,164.0,165.0,164.0,164.0,164.0,164.0,163.0,162.0,161.0,160.0,160.0
184.0,187.0,188.0,189.0,187.0,183.0,177.0,174.0,174.0,194.0,146.0,147.0,174.0,198.0,202.0,191.0,178.0,171.0,173.0,159.0,154.0,120.0,128.0,190.0,208.0,209.0,209.0,209.0,209.0,211.0,212.0,213.0,212.0,212.0,212.0,213.0,212.0,212.0,212.0,211.0,210.0,209.0,209.0,210.0,212.0,212.0,212.0,212.0,213.0,213.0,213.0,212.0,211.0,211.0,211.0,212.0,212.0,212.0,213.0,213.0,212.0,212.0,211.0,209.0,208.0,206.0,205.0,205.0,205.0,204.0,203.0,199.0,197.0,194.0,191.0,191.0,191.0,192.0,191.0,187.0,182.0,175.0,165.0,157.0,149.0,141.0,134.0,133.0,131.0,128.0,124.0,122.0,121.0,116.0,111.0,107.0,136.0,218.0,200.0,183.0,188.0,194.0,188.0,193.0,192.0,199.0,201.0,194.0,177.0,170.0,157.0,161.0,188.0,150.0,149.0,154.0,159.0,162.0,164.0,164.0,164.0,164.0,164.0,164.0,162.0,162.0,162.0,160.0
188.0,190.0,192.0,190.0,187.0,182.0,177.0,173.0,176.0,195.0,149.0,152.0,181.0,202.0,207.0,203.0,197.0,193.0,187.0,178.0,165.0,151.0,120.0,129.0,181.0,207.0,209.0,210.0,211.0,213.0,215.0,215.0,216.0,216.0,216.0,216.0,214.0,214.0,214.0,215.0,214.0,213.0,213.0,213.0,214.0,214.0,214.0,214.0,214.0,214.0,214.0,213.0,213.0,213.0,214.0,214.0,215.0,215.0,215.0,215.0,214.0,214.0,212.0,211.0,211.0,209.0,208.0,208.0,208.0,207.0,205.0,202.0,201.0,198.0,196.0,196.0,196.0,197.0,194.0,191.0,188.0,180.0,172.0,163.0,153.0,142.0,136.0,134.0,129.0,128.0,126.0,124.0,121.0,115.0,109.0,157.0,223.0,197.0,167.0,176.0,194.0,193.0,194.0,197.0,201.0,202.0,198.0,190.0,182.0,169.0,161.0,158.0,172.0,140.0,143.0,148.0,155.0,159.0,162.0,163.0,163.0,163.0,163.0,163.0,162.0,161.0,161.0,160.0
190.0,192.0,194.0,191.0,187.0,182.0,177.0,174.0,179.0,205.0,161.0,164.0,192.0,210.0,215.0,213.0,206.0,194.0,187.0,179.0,170.0,160.0,137.0,117.0,114.0,177.0,209.0,211.0,212.0,215.0,217.0,218.0,219.0,220.0,220.0,219.0,218.0,218.0,218.0,217.0,217.0,216.0,216.0,216.0,216.0,216.0,215.0,215.0,215.0,215.0,215.0,215.0,215.0,216.0,216.0,217.0,217.0,217.0,218.0,218.0,216.0,216.0,215.0,214.0,213.0,211.0,211.0,210.0,210.0,210.0,207.0,205.0,204.0,203.0,202.0,202.0,202.0,202.0,199.0,197.0,194.0,187.0,179.0,173.0,162.0,152.0,144.0,141.0,138.0,140.0,135.0,132.0,127.0,122.0,159.0,231.0,202.0,171.0,182.0,204.0,204.0,198.0,201.0,205.0,205.0,199.0,193.0,189.0,179.0,164.0,150.0,148.0,171.0,145.0,138.0,144.0,151.0,157.0,160.0,162.0,163.0,163.0,163.0,163.0,162.0,160.0,160.0,161.0
192.0,193.0,191.0,189.0,186.0,181.0,178.0,177.0,183.0,208.0,171.0,172.0,203.0,214.0,217.0,216.0,212.0,206.0,199.0,187.0,179.0,171.0,152.0,133.0,112.0,105.0,173.0,210.0,213.0,218.0,219.0,220.0,222.0,222.0,222.0,222.0,222.0,222.0,222.0,221.0,220.0,219.0,219.0,219.0,218.0,218.0,218.0,217.0,216.0,216.0,217.0,217.0,217.0,217.0,218.0,219.0,219.0,219.0,219.0,218.0,217.0,217.0,217.0,216.0,215.0,213.0,214.0,213.0,212.0,212.0,212.0,210.0,209.0,208.0,207.0,207.0,207.0,206.0,204.0,202.0,199.0,194.0,190.0,182.0,173.0,165.0,162.0,159.0,158.0,158.0,155.0,147.0,145.0,160.0,227.0,195.0,158.0,199.0,206.0,199.0,195.0,194.0,195.0,193.0,188.0,186.0,186.0,184.0,176.0,163.0,143.0,140.0,180.0,144.0,134.0,139.0,148.0,153.0,158.0,161.0,163.0,162.0,163.0,164.0,162.0,161.0,160.0,160.0
194.0,193.0,191.0,187.0,184.0,180.0,177.0,178.0,185.0,206.0,171.0,172.0,202.0,218.0,223.0,222.0,217.0,210.0,200.0,186.0,169.0,162.0,159.0,146.0,128.0,107.0,110.0,179.0,208.0,217.0,222.0,223.0,225.0,226.0,225.0,225.0,225.0,225.0,225.0,224.0,223.0,222.0,222.0,222.0,221.0,221.0,220.0,219.0,218.0,217.0,218.0,218.0,219.0,219.0,220.0,221.0,221.0,221.0,221.0,219.0,218.0,218.0,219.0,218.0,216.0,216.0,216.0,216.0,216.0,216.0,216.0,215.0,213.0,212.0,211.0,211.0,212.0,211.0,210.0,208.0,208.0,205.0,199.0,193.0,189.0,185.0,183.0,182.0,183.0,183.0,178.0,173.0,178.0,223.0,205.0,178.0,207.0,198.0,191.0,183.0,181.0,180.0,179.0,177.0,180.0,178.0,175.0,172.0,170.0,164.0,146.0,146.0,173.0,152.0,137.0,135.0,141.0,149.0,154.0,160.0,161.0,162.0,164.0,163.0,162.0,161.0,160.0,160.0
194.0,193.0,190.0,186.0,181.0,178.0,176.0,179.0,189.0,206.0,166.0,175.0,206.0,221.0,221.0,219.0,215.0,211.0,206.0,199.0,189.0,179.0,170.0,156.0,136.0,123.0,104.0,114.0,180.0,211.0,219.0,221.0,225.0,228.0,228.0,228.0,228.0,227.0,227.0,227.0,226.0,225.0,225.0,225.0,224.0,223.0,222.0,222.0,220.0,219.0,220.0,221.0,221.0,222.0,223.0,223.0,223.0,223.0,223.0,222.0,222.0,222.0,222.0,220.0,219.0,219.0,219.0,220.0,220.0,220.0,219.0,218.0,218.0,217.0,216.0,216.0,216.0,214.0,214.0,214.0,215.0,213.0,210.0,207.0,205.0,203.0,202.0,202.0,203.0,202.0,198.0,199.0,227.0,210.0,190.0,192.0,190.0,187.0,188.0,190.0,189.0,176.0,177.0,175.0,172.0,170.0,165.0,158.0,163.0,160.0,143.0,136.0,173.0,153.0,127.0,129.0,138.0,145.0,152.0,158.0,160.0,162.0,164.0,163.0,163.0,161.0,161.0,160.0
195.0,194.0,190.0,185.0,182.0,177.0,177.0,177.0,184.0,201.0,164.0,177.0,204.0,213.0,218.0,217.0,216.0,213.0,207.0,198.0,186.0,174.0,165.0,161.0,146.0,130.0,117.0,109.0,115.0,180.0,205.0,212.0,219.0,225.0,228.0,229.0,229.0,229.0,229.0,229.0,228.0,227.0,227.0,227.0,227.0,224.0,223.0,223.0,222.0,222.0,223.0,224.0,225.0,225.0,226.0,226.0,226.0,226.0,226.0,226.0,226.0,225.0,224.0,223.0,222.0,223.0,223.0,223.0,222.0,223.0,222.0,222.0,221.0,220.0,220.0,219.0,218.0,217.0,218.0,220.0,221.0,222.0,220.0,218.0,217.0,216.0,216.0,216.0,217.0,218.0,217.0,230.0,215.0,194.0,180.0,188.0,178.0,178.0,190.0,193.0,195.0,188.0,179.0,185.0,173.0,164.0,149.0,146.0,150.0,152.0,143.0,135.0,161.0,149.0,120.0,124.0,133.0,141.0,148.0,155.0,160.0,162.0,163.0,163.0,163.0,162.0,160.0,159.0
196.0,193.0,188.0,184.0,179.0,178.0,176.0,178.0,185.0,194.0,156.0,169.0,193.0,207.0,210.0,212.0,211.0,210.0,210.0,204.0,197.0,190.0,177.0,161.0,150.0,140.0,127.0,112.0,101.0,113.0,175.0,190.0,197.0,212.0,226.0,228.0,229.0,229.0,229.0,230.0,230.0,228.0,227.0,227.0,228.0,226.0,226.0,225.0,225.0,225.0,226.0,228.0,229.0,229.0,229.0,228.0,229.0,229.0,227.0,226.0,227.0,226.0,225.0,224.0,225.0,225.0,225.0,225.0,225.0,223.0,221.0,221.0,220.0,221.0,221.0,222.0,220.0,220.0,222.0,224.0,226.0,227.0,227.0,224.0,224.0,225.0,224.0,224.0,225.0,226.0,232.0,219.0,184.0,182.0,194.0,188.0,178.0,177.0,173.0,170.0,180.0,194.0,178.0,170.0,166.0,149.0,140.0,135.0,138.0,141.0,135.0,133.0,151.0,154.0,121.0,120.0,129.0,136.0,145.0,153.0,158.0,161.0,162.0,163.0,163.0,163.0,160.0,158.0
196.0,192.0,188.0,184.0,179.0,177.0,177.0,181.0,188.0,198.0,158.0,153.0,189.0,195.0,202.0,215.0,204.0,206.0,210.0,209.0,202.0,193.0,180.0,173.0,163.0,147.0,135.0,123.0,105.0,83.0,116.0,170.0,176.0,184.0,207.0,222.0,228.0,228.0,229.0,229.0,229.0,229.0,229.0,229.0,230.0,229.0,229.0,229.0,229.0,229.0,231.0,232.0,233.0,232.0,230.0,229.0,228.0,226.0,223.0,223.0,225.0,226.0,224.0,223.0,224.0,225.0,225.0,225.0,224.0,220.0,217.0,218.0,219.0,221.0,220.0,222.0,224.0,223.0,225.0,227.0,230.0,231.0,230.0,229.0,229.0,228.0,228.0,228.0,229.0,234.0,233.0,196.0,187.0,202.0,191.0,172.0,163.0,163.0,173.0,175.0,180.0,177.0,173.0,177.0,157.0,137.0,130.0,128.0,132.0,129.0,120.0,117.0,139.0,130.0,109.0,114.0,122.0,133.0,142.0,150.0,156.0,159.0,162.0,164.0,163.0,161.0,160.0,158.0
197.0,193.0,189.0,185.0,181.0,179.0,178.0,180.0,185.0,193.0,156.0,146.0,169.0,187.0,206.0,210.0,203.0,207.0,214.0,208.0,198.0,192.0,191.0,184.0,174.0,160.0,147.0,136.0,128.0,114.0,100.0,129.0,177.0,171.0,181.0,199.0,217.0,225.0,226.0,226.0,224.0,228.0,228.0,227.0,230.0,233.0,232.0,232.0,232.0,233.0,234.0,234.0,233.0,232.0,230.0,229.0,227.0,224.0,221.0,221.0,224.0,225.0,223.0,221.0,222.0,222.0,222.0,224.0,223.0,219.0,216.0,219.0,221.0,222.0,222.0,224.0,226.0,226.0,228.0,231.0,233.0,231.0,230.0,230.0,231.0,231.0,232.0,230.0,230.0,237.0,215.0,194.0,189.0,186.0,176.0,172.0,177.0,193.0,192.0,174.0,159.0,162.0,165.0,158.0,151.0,143.0,120.0,119.0,118.0,118.0,113.0,108.0,134.0,123.0,107.0,110.0,119.0,128.0,139.0,146.0,154.0,158.0,161.0,163.0,163.0,162.0,159.0,157.0
198.0,196.0,192.0,187.0,184.0,181.0,180.0,181.0,184.0,192.0,174.0,145.0,162.0,180.0,189.0,206.0,216.0,212.0,210.0,204.0,206.0,202.0,198.0,192.0,178.0,162.0,154.0,142.0,133.0,122.0,114.0,104.0,149.0,176.0,169.0,172.0,192.0,207.0,214.0,220.0,219.0,223.0,226.0,223.0,226.0,231.0,232.0,233.0,235.0,236.0,236.0,234.0,233.0,232.0,230.0,229.0,229.0,227.0,225.0,225.0,228.0,228.0,226.0,224.0,222.0,221.0,222.0,225.0,226.0,223.0,224.0,227.0,228.0,228.0,228.0,230.0,230.0,230.0,232.0,234.0,235.0,234.0,233.0,232.0,233.0,232.0,232.0,229.0,235.0,224.0,182.0,182.0,189.0,168.0,161.0,158.0,155.0,148.0,157.0,166.0,158.0,154.0,161.0,148.0,135.0,124.0,119.0,111.0,109.0,109.0,105.0,108.0,140.0,128.0,110.0,108.0,116.0,127.0,137.0,144.0,151.0,157.0,160.0,162.0,163.0,161.0,158.0,157.0
198.0,195.0,193.0,190.0,186.0,184.0,183.0,183.0,185.0,189.0,186.0,153.0,151.0,165.0,189.0,213.0,215.0,214.0,213.0,212.0,215.0,213.0,204.0,195.0,187.0,177.0,164.0,148.0,139.0,131.0,123.0,111.0,108.0,153.0,168.0,159.0,170.0,185.0,198.0,209.0,212.0,216.0,220.0,220.0,221.0,225.0,227.0,230.0,232.0,234.0,234.0,233.0,232.0,232.0,230.0,230.0,230.0,231.0,231.0,231.0,232.0,231.0,229.0,228.0,227.0,226.0,226.0,229.0,231.0,231.0,232.0,233.0,232.0,234.0,236.0,235.0,233.0,234.0,236.0,236.0,236.0,233.0,232.0,232.0,234.0,233.0,226.0,233.0,226.0,176.0,173.0,190.0,173.0,171.0,170.0,165.0,171.0,182.0,168.0,151.0,151.0,163.0,147.0,137.0,138.0,128.0,111.0,104.0,108.0,104.0,101.0,105.0,135.0,119.0,109.0,106.0,114.0,124.0,134.0,142.0,149.0,155.0,159.0,162.0,161.0,160.0,159.0,159.0
198.0,196.0,193.0,191.0,188.0,186.0,185.0,185.0,186.0,190.0,190.0,165.0,160.0,185.0,215.0,215.0,207.0,216.0,212.0,209.0,207.0,207.0,201.0,198.0,192.0,182.0,164.0,153.0,145.0,137.0,133.0,120.0,104.0,116.0,151.0,158.0,157.0,170.0,188.0,197.0,204.0,210.0,215.0,213.0,216.0,221.0,222.0,226.0,230.0,230.0,231.0,230.0,233.0,233.0,230.0,230.0,231.0,234.0,235.0,232.0,231.0,231.0,230.0,232.0,232.0,231.0,230.0,231.0,233.0,232.0,232.0,232.0,231.0,235.0,240.0,236.0,232.0,233.0,235.0,235.0,231.0,229.0,229.0,228.0,230.0,226.0,228.0,226.0,180.0,181.0,183.0,168.0,162.0,167.0,187.0,186.0,180.0,179.0,169.0,165.0,168.0,160.0,147.0,135.0,133.0,124.0,122.0,108.0,100.0,97.0,93.0,104.0,131.0,108.0,100.0,102.0,112.0,121.0,130.0,139.0,148.0,153.0,157.0,160.0,161.0,159.0,158.0,157.0
199.0,196.0,193.0,191.0,189.0,188.0,187.0,186.0,189.0,192.0,195.0,177.0,177.0,212.0,196.0,206.0,215.0,208.0,211.0,212.0,207.0,200.0,203.0,195.0,183.0,178.0,169.0,162.0,154.0,143.0,135.0,127.0,113.0,120.0,119.0,149.0,144.0,154.0,170.0,183.0,192.0,200.0,206.0,207.0,212.0,213.0,213.0,219.0,226.0,228.0,230.0,229.0,231.0,229.0,230.0,230.0,232.0,235.0,234.0,231.0,228.0,229.0,229.0,230.0,232.0,232.0,231.0,231.0,231.0,228.0,224.0,226.0,228.0,234.0,238.0,235.0,230.0,229.0,230.0,231.0,224.0,222.0,223.0,221.0,220.0,225.0,231.0,190.0,184.0,172.0,161.0,162.0,174.0,187.0,194.0,199.0,202.0,192.0,179.0,182.0,182.0,169.0,149.0,136.0,125.0,125.0,115.0,119.0,104.0,90.0,86.0,107.0,120.0,101.0,98.0,102.0,110.0,118.0,127.0,135.0,144.0,150.0,155.0,156.0,159.0,159.0,159.0,157.0
199.0,195.0,193.0,190.0,188.0,188.0,186.0,187.0,189.0,192.0,196.0,192.0,200.0,189.0,201.0,216.0,213.0,205.0,199.0,192.0,200.0,204.0,197.0,197.0,191.0,185.0,178.0,164.0,152.0,144.0,138.0,131.0,122.0,128.0,104.0,115.0,143.0,143.0,154.0,168.0,177.0,182.0,195.0,205.0,206.0,203.0,202.0,213.0,220.0,226.0,230.0,229.0,228.0,229.0,230.0,229.0,231.0,234.0,233.0,228.0,224.0,225.0,222.0,223.0,224.0,226.0,227.0,228.0,227.0,221.0,217.0,220.0,227.0,229.0,230.0,229.0,225.0,225.0,226.0,226.0,217.0,216.0,218.0,215.0,221.0,231.0,190.0,162.0,171.0,175.0,172.0,177.0,192.0,184.0,187.0,191.0,186.0,175.0,174.0,161.0,151.0,156.0,157.0,159.0,154.0,137.0,118.0,109.0,107.0,90.0,86.0,108.0,109.0,93.0,95.0,98.0,105.0,114.0,123.0,132.0,139.0,146.0,150.0,154.0,157.0,157.0,158.0,157.0
198.0,196.0,193.0,190.0,187.0,186.0,185.0,186.0,188.0,192.0,198.0,205.0,195.0,180.0,199.0,193.0,188.0,200.0,192.0,188.0,179.0,178.0,187.0,189.0,185.0,177.0,168.0,163.0,154.0,146.0,140.0,133.0,127.0,133.0,101.0,96.0,112.0,143.0,151.0,155.0,165.0,166.0,183.0,200.0,197.0,195.0,198.0,208.0,219.0,227.0,230.0,228.0,228.0,233.0,228.0,226.0,229.0,233.0,231.0,225.0,219.0,213.0,212.0,220.0,221.0,221.0,222.0,222.0,225.0,218.0,216.0,219.0,227.0,224.0,225.0,226.0,223.0,221.0,220.0,218.0,210.0,211.0,215.0,215.0,230.0,214.0,161.0,167.0,169.0,164.0,187.0,190.0,170.0,168.0,175.0,169.0,162.0,159.0,169.0,176.0,138.0,126.0,118.0,131.0,142.0,144.0,125.0,116.0,108.0,99.0,91.0,116.0,103.0,91.0,90.0,95.0,102.0,110.0,119.0,128.0,136.0,141.0,146.0,151.0,155.0,155.0,156.0,156.0
197.0,195.0,192.0,189.0,186.0,185.0,184.0,184.0,187.0,192.0,198.0,210.0,180.0,199.0,189.0,205.0,204.0,193.0,196.0,197.0,182.0,180.0,187.0,186.0,190.0,185.0,182.0,177.0,166.0,155.0,148.0,140.0,133.0,145.0,113.0,98.0,100.0,119.0,149.0,148.0,158.0,158.0,170.0,189.0,191.0,195.0,200.0,209.0,220.0,224.0,225.0,224.0,228.0,231.0,227.0,222.0,224.0,232.0,228.0,221.0,214.0,202.0,203.0,215.0,214.0,213.0,218.0,218.0,224.0,220.0,215.0,219.0,222.0,222.0,221.0,221.0,217.0,216.0,213.0,206.0,201.0,207.0,212.0,227.0,215.0,177.0,154.0,165.0,161.0,144.0,133.0,172.0,171.0,161.0,158.0,157.0,152.0,138.0,154.0,149.0,166.0,156.0,152.0,137.0,124.0,137.0,131.0,122.0,105.0,104.0,102.0,116.0,100.0,89.0,86.0,90.0,97.0,104.0,114.0,122.0,132.0,136.0,144.0,147.0,150.0,152.0,154.0,155.0
196.0,194.0,191.0,188.0,184.0,182.0,181.0,181.0,186.0,192.0,198.0,200.0,184.0,199.0,212.0,199.0,200.0,210.0,200.0,185.0,194.0,203.0,203.0,206.0,209.0,205.0,198.0,184.0,174.0,165.0,157.0,146.0,139.0,146.0,120.0,104.0,90.0,90.0,128.0,145.0,150.0,137.0,161.0,181.0,186.0,193.0,204.0,213.0,219.0,221.0,218.0,220.0,224.0,227.0,225.0,216.0,219.0,229.0,230.0,223.0,215.0,203.0,203.0,208.0,207.0,210.0,216.0,215.0,217.0,217.0,214.0,217.0,216.0,216.0,213.0,212.0,216.0,215.0,207.0,201.0,194.0,205.0,219.0,220.0,185.0,154.0,164.0,150.0,139.0,155.0,165.0,155.0,157.0,174.0,166.0,154.0,146.0,174.0,154.0,133.0,125.0,128.0,127.0,134.0,139.0,118.0,141.0,119.0,117.0,103.0,110.0,114.0,94.0,86.0,85.0,89.0,91.0,99.0,107.0,117.0,126.0,134.0,139.0,143.0,147.0,150.0,153.0,155.0
196.0,194.0,190.0,188.0,183.0,179.0,178.0,180.0,186.0,195.0,202.0,213.0,213.0,215.0,210.0,209.0,216.0,213.0,216.0,223.0,223.0,220.0,218.0,216.0,205.0,198.0,194.0,187.0,177.0,164.0,156.0,148.0,140.0,147.0,127.0,109.0,93.0,87.0,91.0,134.0,147.0,137.0,159.0,176.0,178.0,186.0,204.0,213.0,216.0,221.0,218.0,218.0,222.0,222.0,217.0,212.0,221.0,229.0,228.0,225.0,218.0,208.0,204.0,204.0,199.0,206.0,212.0,210.0,207.0,208.0,215.0,218.0,216.0,213.0,213.0,216.0,220.0,213.0,207.0,201.0,197.0,212.0,223.0,197.0,171.0,152.0,168.0,148.0,140.0,144.0,160.0,177.0,174.0,184.0,165.0,165.0,142.0,163.0,141.0,155.0,143.0,137.0,130.0,127.0,104.0,109.0,123.0,126.0,116.0,108.0,111.0,110.0,94.0,87.0,85.0,84.0,88.0,91.0,102.0,112.0,121.0,128.0,135.0,141.0,145.0,148.0,150.0,153.0
197.0,194.0,190.0,186.0,182.0,179.0,177.0,179.0,184.0,195.0,204.0,207.0,205.0,195.0,218.0,218.0,216.0,215.0,221.0,221.0,221.0,219.0,217.0,213.0,207.0,209.0,198.0,189.0,178.0,166.0,157.0,148.0,141.0,147.0,135.0,118.0,101.0,90.0,84.0,102.0,145.0,148.0,144.0,162.0,176.0,189.0,206.0,210.0,211.0,218.0,219.0,218.0,224.0,215.0,208.0,210.0,226.0,230.0,226.0,223.0,219.0,208.0,211.0,207.0,201.0,206.0,212.0,208.0,205.0,206.0,216.0,220.0,217.0,213.0,206.0,207.0,208.0,204.0,197.0,204.0,212.0,225.0,205.0,190.0,153.0,159.0,140.0,142.0,161.0,175.0,186.0,189.0,184.0,172.0,171.0,159.0,194.0,179.0,161.0,158.0,149.0,130.0,117.0,105.0,96.0,82.0,97.0,123.0,117.0,98.0,118.0,114.0,100.0,89.0,84.0,84.0,86.0,91.0,97.0,108.0,115.0,123.0,130.0,137.0,142.0,146.0,149.0,152.0
197.0,194.0,190.0,186.0,182.0,179.0,177.0,178.0,182.0,191.0,201.0,210.0,207.0,200.0,210.0,210.0,211.0,215.0,221.0,220.0,220.0,221.0,222.0,219.0,215.0,206.0,199.0,189.0,181.0,166.0,148.0,139.0,136.0,140.0,132.0,121.0,112.0,101.0,92.0,83.0,132.0,148.0,139.0,155.0,182.0,196.0,203.0,208.0,212.0,217.0,214.0,215.0,218.0,215.0,205.0,217.0,227.0,229.0,221.0,214.0,220.0,199.0,206.0,213.0,211.0,211.0,217.0,206.0,206.0,209.0,221.0,223.0,209.0,199.0,193.0,195.0,194.0,196.0,194.0,203.0,221.0,215.0,180.0,176.0,153.0,158.0,126.0,147.0,167.0,162.0,168.0,190.0,196.0,196.0,191.0,186.0,182.0,168.0,170.0,168.0,170.0,146.0,140.0,135.0,120.0,103.0,99.0,109.0,118.0,105.0,122.0,121.0,103.0,90.0,86.0,84.0,85.0,89.0,95.0,104.0,112.0,120.0,128.0,134.0,140.0,145.0,146.0,150.0
197.0,193.0,190.0,187.0,183.0,179.0,177.0,177.0,181.0,188.0,202.0,207.0,210.0,201.0,200.0,203.0,202.0,210.0,212.0,207.0,213.0,209.0,212.0,208.0,202.0,196.0,188.0,175.0,167.0,158.0,154.0,145.0,138.0,142.0,142.0,123.0,113.0,107.0,96.0,89.0,125.0,149.0,136.0,154.0,184.0,195.0,200.0,208.0,208.0,220.0,208.0,208.0,216.0,214.0,207.0,220.0,225.0,223.0,212.0,212.0,220.0,184.0,199.0,223.0,215.0,210.0,216.0,205.0,204.0,216.0,223.0,218.0,203.0,188.0,186.0,183.0,183.0,190.0,198.0,214.0,222.0,187.0,167.0,170.0,148.0,136.0,120.0,124.0,137.0,145.0,155.0,180.0,182.0,170.0,175.0,190.0,163.0,158.0,153.0,137.0,137.0,165.0,142.0,131.0,132.0,114.0,114.0,110.0,98.0,99.0,121.0,122.0,109.0,97.0,89.0,85.0,85.0,87.0,91.0,100.0,108.0,116.0,124.0,131.0,138.0,142.0,145.0,149.0
198.0,194.0,191.0,188.0,183.0,179.0,177.0,177.0,181.0,186.0,194.0,199.0,190.0,190.0,198.0,202.0,201.0,198.0,202.0,206.0,203.0,204.0,205.0,204.0,200.0,188.0,181.0,178.0,170.0,156.0,146.0,144.0,138.0,136.0,143.0,130.0,124.0,119.0,98.0,98.0,125.0,144.0,144.0,149.0,166.0,178.0,190.0,205.0,213.0,211.0,198.0,207.0,213.0,202.0,201.0,206.0,221.0,217.0,203.0,216.0,221.0,188.0,192.0,225.0,212.0,213.0,217.0,213.0,208.0,220.0,218.0,211.0,191.0,180.0,184.0,187.0,183.0,195.0,215.0,225.0,206.0,168.0,168.0,146.0,122.0,119.0,153.0,179.0,193.0,178.0,177.0,161.0,148.0,156.0,179.0,169.0,173.0,168.0,165.0,159.0,172.0,164.0,164.0,155.0,149.0,156.0,138.0,125.0,119.0,112.0,113.0,120.0,121.0,105.0,90.0,84.0,84.0,83.0,90.0,96.0,102.0,110.0,118.0,126.0,133.0,138.0,142.0,148.0
198.0,195.0,192.0,188.0,183.0,179.0,177.0,178.0,182.0,188.0,195.0,200.0,200.0,207.0,212.0,207.0,191.0,172.0,162.0,176.0,185.0,192.0,190.0,185.0,182.0,176.0,165.0,163.0,160.0,158.0,152.0,147.0,141.0,136.0,145.0,126.0,122.0,125.0,111.0,103.0,128.0,139.0,149.0,146.0,152.0,176.0,191.0,210.0,214.0,198.0,188.0,209.0,205.0,200.0,190.0,204.0,220.0,222.0,193.0,218.0,216.0,198.0,200.0,226.0,206.0,211.0,213.0,209.0,201.0,218.0,213.0,204.0,188.0,182.0,176.0,181.0,193.0,210.0,225.0,217.0,205.0,167.0,154.0,123.0,98.0,117.0,132.0,120.0,138.0,163.0,166.0,174.0,176.0,175.0,162.0,130.0,127.0,136.0,139.0,140.0,147.0,150.0,149.0,149.0,147.0,149.0,147.0,149.0,146.0,118.0,106.0,125.0,125.0,106.0,93.0,87.0,84.0,84.0,87.0,94.0,98.0,106.0,113.0,123.0,130.0,137.0,144.0,158.0
199.0,196.0,193.0,189.0,184.0,180.0,179.0,179.0,184.0,191.0,200.0,209.0,211.0,212.0,215.0,207.0,189.0,184.0,179.0,173.0,171.0,179.0,191.0,195.0,195.0,191.0,193.0,190.0,181.0,170.0,163.0,151.0,145.0,141.0,151.0,133.0,122.0,125.0,117.0,115.0,128.0,140.0,137.0,138.0,156.0,176.0,198.0,205.0,207.0,190.0,191.0,208.0,206.0,193.0,190.0,206.0,212.0,216.0,207.0,225.0,219.0,209.0,206.0,225.0,208.0,217.0,217.0,192.0,201.0,215.0,209.0,198.0,192.0,189.0,181.0,179.0,207.0,214.0,220.0,206.0,199.0,164.0,146.0,135.0,97.0,123.0,141.0,146.0,152.0,162.0,118.0,103.0,100.0,145.0,118.0,135.0,143.0,125.0,109.0,116.0,110.0,117.0,119.0,121.0,125.0,130.0,132.0,131.0,132.0,134.0,129.0,134.0,127.0,110.0,99.0,89.0,84.0,83.0,86.0,91.0,98.0,103.0,114.0,134.0,149.0,153.0,154.0,149.0
200.0,197.0,193.0,189.0,186.0,182.0,181.0,181.0,185.0,192.0,202.0,209.0,218.0,220.0,217.0,205.0,194.0,175.0,172.0,186.0,199.0,196.0,201.0,210.0,212.0,208.0,202.0,198.0,187.0,176.0,166.0,154.0,148.0,144.0,155.0,131.0,133.0,129.0,120.0,119.0,133.0,137.0,122.0,140.0,155.0,159.0,200.0,195.0,197.0,193.0,185.0,191.0,190.0,186.0,191.0,210.0,219.0,212.0,209.0,225.0,221.0,208.0,209.0,220.0,206.0,218.0,219.0,193.0,204.0,211.0,208.0,201.0,198.0,188.0,180.0,185.0,207.0,201.0,211.0,198.0,202.0,168.0,151.0,125.0,146.0,139.0,124.0,124.0,167.0,165.0,160.0,155.0,165.0,116.0,97.0,104.0,101.0,96.0,108.0,119.0,116.0,123.0,123.0,117.0,120.0,130.0,118.0,107.0,108.0,109.0,112.0,137.0,136.0,119.0,102.0,90.0,85.0,84.0,85.0,112.0,128.0,131.0,134.0,126.0,125.0,134.0,142.0,147.0
200.0,197.0,193.0,189.0,186.0,182.0,180.0,181.0,186.0,192.0,199.0,210.0,219.0,215.0,206.0,194.0,188.0,191.0,202.0,215.0,215.0,221.0,223.0,223.0,214.0,212.0,211.0,203.0,194.0,177.0,162.0,151.0,147.0,146.0,152.0,135.0,144.0,138.0,132.0,134.0,139.0,141.0,123.0,134.0,141.0,167.0,188.0,188.0,182.0,187.0,172.0,176.0,184.0,185.0,185.0,216.0,216.0,199.0,211.0,217.0,215.0,207.0,208.0,206.0,200.0,207.0,214.0,205.0,201.0,205.0,208.0,206.0,205.0,193.0,179.0,192.0,196.0,194.0,200.0,187.0,197.0,180.0,157.0,156.0,124.0,106.0,108.0,134.0,135.0,128.0,133.0,154.0,154.0,157.0,155.0,145.0,125.0,114.0,107.0,103.0,78.0,66.0,92.0,103.0,97.0,101.0,99.0,98.0,109.0,108.0,111.0,132.0,133.0,121.0,105.0,119.0,133.0,128.0,126.0,103.0,92.0,97.0,105.0,114.0,123.0,133.0,140.0,146.0
199.0,196.0,193.0,190.0,186.0,182.0,181.0,180.0,184.0,190.0,197.0,207.0,214.0,210.0,199.0,197.0,203.0,208.0,212.0,216.0,223.0,220.0,219.0,216.0,213.0,213.0,209.0,198.0,172.0,164.0,157.0,151.0,149.0,152.0,166.0,137.0,152.0,146.0,136.0,148.0,143.0,147.0,124.0,132.0,135.0,160.0,163.0,187.0,177.0,169.0,173.0,162.0,178.0,193.0,179.0,218.0,204.0,199.0,215.0,215.0,205.0,198.0,202.0,203.0,188.0,199.0,211.0,204.0,192.0,200.0,208.0,204.0,201.0,193.0,176.0,182.0,171.0,197.0,176.0,183.0,185.0,189.0,152.0,168.0,126.0,114.0,111.0,127.0,106.0,105.0,129.0,152.0,148.0,153.0,153.0,148.0,155.0,156.0,156.0,151.0,140.0,121.0,110.0,117.0,123.0,123.0,118.0,113.0,114.0,115.0,117.0,141.0,172.0,168.0,154.0,118.0,87.0,82.0,81.0,85.0,88.0,94.0,102.0,111.0,121.0,130.0,138.0,145.0
199.0,196.0,193.0,190.0,186.0,182.0,181.0,181.0,185.0,192.0,197.0,206.0,213.0,208.0,190.0,188.0,194.0,195.0,196.0,196.0,199.0,192.0,194.0,188.0,183.0,180.0,179.0,178.0,172.0,169.0,165.0,159.0,148.0,156.0,178.0,155.0,154.0,159.0,132.0,153.0,139.0,144.0,125.0,133.0,147.0,143.0,156.0,182.0,151.0,152.0,164.0,151.0,177.0,173.0,191.0,212.0,193.0,201.0,216.0,209.0,202.0,193.0,193.0,204.0,186.0,193.0,204.0,194.0,189.0,197.0,205.0,199.0,195.0,181.0,168.0,170.0,162.0,188.0,168.0,174.0,172.0,182.0,185.0,171.0,140.0,150.0,162.0,122.0,117.0,100.0,138.0,111.0,115.0,136.0,145.0,139.0,144.0,143.0,148.0,148.0,144.0,133.0,129.0,116.0,118.0,118.0,112.0,106.0,108.0,153.0,169.0,174.0,149.0,130.0,113.0,97.0,86.0,82.0,81.0,83.0,85.0,90.0,98.0,108.0,118.0,128.0,136.0,144.0
199.0,196.0,192.0,189.0,185.0,181.0,179.0,179.0,183.0,189.0,195.0,202.0,208.0,199.0,179.0,161.0,148.0,161.0,158.0,150.0,155.0,165.0,175.0,183.0,177.0,178.0,172.0,152.0,153.0,157.0,166.0,149.0,145.0,137.0,155.0,166.0,155.0,153.0,148.0,149.0,147.0,138.0,134.0,138.0,149.0,133.0,158.0,160.0,131.0,147.0,145.0,162.0,156.0,170.0,204.0,200.0,196.0,214.0,210.0,210.0,201.0,190.0,190.0,202.0,181.0,195.0,190.0,192.0,189.0,192.0,198.0,199.0,192.0,177.0,168.0,166.0,183.0,177.0,157.0,160.0,183.0,182.0,189.0,170.0,163.0,183.0,166.0,140.0,122.0,156.0,128.0,92.0,95.0,130.0,117.0,133.0,118.0,126.0,131.0,145.0,120.0,112.0,112.0,110.0,105.0,111.0,133.0,166.0,163.0,135.0,128.0,146.0,149.0,136.0,117.0,104.0,90.0,82.0,80.0,80.0,85.0,88.0,96.0,103.0,115.0,124.0,134.0,142.0
201.0,197.0,192.0,188.0,184.0,180.0,177.0,177.0,180.0,186.0,194.0,203.0,206.0,195.0,177.0,165.0,154.0,145.0,146.0,154.0,172.0,177.0,175.0,171.0,166.0,144.0,148.0,141.0,147.0,150.0,161.0,174.0,144.0,149.0,151.0,170.0,168.0,163.0,158.0,151.0,145.0,140.0,144.0,131.0,147.0,129.0,152.0,158.0,126.0,141.0,141.0,157.0,151.0,176.0,208.0,189.0,216.0,208.0,218.0,207.0,202.0,182.0,181.0,191.0,176.0,183.0,186.0,183.0,187.0,190.0,196.0,197.0,192.0,180.0,173.0,169.0,193.0,176.0,154.0,177.0,191.0,186.0,180.0,175.0,192.0,196.0,143.0,132.0,166.0,160.0,98.0,82.0,144.0,136.0,159.0,119.0,102.0,98.0,135.0,110.0,79.0,79.0,69.0,72.0,109.0,152.0,133.0,94.0,95.0,105.0,124.0,148.0,148.0,138.0,122.0,107.0,91.0,82.0,79.0,80.0,82.0,87.0,94.0,102.0,113.0,122.0,132.0,140.0
201.0,197.0,192.0,188.0,183.0,179.0,176.0,177.0,181.0,188.0,197.0,205.0,207.0,199.0,181.0,167.0,159.0,155.0,147.0,160.0,172.0,177.0,178.0,181.0,178.0,163.0,154.0,162.0,155.0,151.0,161.0,181.0,180.0,141.0,146.0,180.0,167.0,169.0,162.0,158.0,150.0,150.0,147.0,143.0,136.0,133.0,151.0,139.0,141.0,144.0,148.0,146.0,162.0,181.0,196.0,199.0,213.0,208.0,221.0,207.0,209.0,183.0,181.0,184.0,169.0,168.0,187.0,184.0,181.0,192.0,189.0,195.0,193.0,177.0,172.0,181.0,168.0,172.0,160.0,193.0,169.0,165.0,182.0,208.0,207.0,162.0,154.0,185.0,170.0,85.0,65.0,140.0,176.0,183.0,159.0,117.0,120.0,150.0,119.0,75.0,90.0,100.0,105.0,153.0,126.0,77.0,79.0,85.0,97.0,106.0,131.0,151.0,150.0,140.0,124.0,108.0,94.0,84.0,78.0,78.0,80.0,85.0,90.0,98.0,109.0,119.0,132.0,140.0
200.0,197.0,191.0,187.0,183.0,179.0,177.0,179.0,184.0,191.0,201.0,209.0,213.0,203.0,172.0,152.0,149.0,160.0,164.0,165.0,186.0,192.0,192.0,190.0,191.0,185.0,178.0,178.0,173.0,171.0,171.0,172.0,176.0,184.0,160.0,177.0,177.0,177.0,172.0,160.0,145.0,159.0,155.0,144.0,128.0,125.0,159.0,149.0,161.0,144.0,156.0,151.0,139.0,171.0,187.0,200.0,208.0,207.0,212.0,203.0,214.0,165.0,187.0,181.0,171.0,161.0,182.0,178.0,183.0,189.0,190.0,184.0,193.0,163.0,173.0,179.0,164.0,169.0,177.0,170.0,158.0,178.0,201.0,205.0,193.0,139.0,178.0,187.0,128.0,64.0,152.0,209.0,198.0,185.0,121.0,146.0,192.0,145.0,101.0,144.0,125.0,141.0,149.0,106.0,87.0,88.0,88.0,91.0,101.0,113.0,129.0,149.0,151.0,143.0,125.0,111.0,94.0,83.0,78.0,78.0,79.0,81.0,96.0,110.0,116.0,124.0,131.0,138.0
202.0,198.0,191.0,187.0,182.0,178.0,177.0,181.0,186.0,195.0,203.0,211.0,215.0,206.0,165.0,148.0,154.0,164.0,170.0,186.0,195.0,201.0,204.0,202.0,204.0,200.0,193.0,191.0,195.0,183.0,185.0,186.0,185.0,183.0,180.0,187.0,173.0,179.0,169.0,170.0,151.0,166.0,155.0,138.0,137.0,146.0,154.0,169.0,159.0,148.0,143.0,143.0,117.0,156.0,181.0,197.0,200.0,200.0,210.0,204.0,198.0,147.0,180.0,192.0,164.0,161.0,168.0,168.0,172.0,182.0,182.0,176.0,186.0,167.0,177.0,171.0,147.0,173.0,181.0,150.0,176.0,192.0,185.0,208.0,168.0,172.0,196.0,142.0,131.0,187.0,208.0,202.0,192.0,182.0,186.0,217.0,178.0,152.0,166.0,166.0,162.0,136.0,139.0,111.0,98.0,88.0,86.0,96.0,105.0,108.0,129.0,148.0,151.0,144.0,131.0,113.0,96.0,85.0,83.0,91.0,94.0,95.0,91.0,91.0,102.0,114.0,126.0,136.0
202.0,199.0,192.0,188.0,183.0,180.0,181.0,183.0,189.0,197.0,206.0,213.0,216.0,212.0,180.0,152.0,149.0,166.0,178.0,192.0,200.0,204.0,204.0,206.0,210.0,208.0,209.0,203.0,198.0,200.0,192.0,190.0,191.0,186.0,184.0,186.0,188.0,182.0,174.0,171.0,165.0,164.0,170.0,138.0,142.0,141.0,157.0,179.0,139.0,158.0,141.0,112.0,121.0,142.0,162.0,189.0,213.0,205.0,211.0,207.0,196.0,129.0,178.0,194.0,171.0,158.0,160.0,160.0,159.0,181.0,175.0,176.0,183.0,172.0,169.0,165.0,138.0,171.0,146.0,167.0,178.0,168.0,197.0,174.0,166.0,187.0,166.0,173.0,194.0,181.0,174.0,203.0,205.0,195.0,222.0,212.0,185.0,167.0,199.0,149.0,162.0,172.0,149.0,130.0,104.0,93.0,85.0,85.0,90.0,101.0,133.0,150.0,151.0,149.0,142.0,131.0,119.0,105.0,96.0,80.0,78.0,82.0,86.0,92.0,102.0,113.0,125.0,135.0
202.0,198.0,192.0,187.0,183.0,181.0,182.0,187.0,193.0,201.0,210.0,217.0,220.0,219.0,195.0,151.0,159.0,173.0,186.0,202.0,212.0,212.0,210.0,202.0,201.0,206.0,206.0,210.0,210.0,203.0,203.0,197.0,189.0,188.0,188.0,182.0,191.0,184.0,179.0,177.0,174.0,174.0,172.0,156.0,159.0,146.0,179.0,161.0,152.0,148.0,123.0,106.0,123.0,135.0,176.0,209.0,217.0,203.0,204.0,194.0,193.0,129.0,181.0,184.0,175.0,158.0,137.0,138.0,163.0,165.0,157.0,175.0,176.0,175.0,165.0,164.0,148.0,154.0,117.0,171.0,167.0,164.0,188.0,161.0,169.0,183.0,172.0,175.0,159.0,162.0,178.0,192.0,198.0,217.0,215.0,189.0,187.0,203.0,159.0,183.0,186.0,178.0,160.0,121.0,82.0,72.0,73.0,76.0,80.0,115.0,161.0,169.0,169.0,162.0,143.0,122.0,102.0,93.0,81.0,78.0,78.0,81.0,84.0,91.0,99.0,111.0,122.0,132.0
200.0,196.0,191.0,187.0,184.0,182.0,184.0,187.0,194.0,203.0,211.0,219.0,222.0,222.0,210.0,155.0,124.0,140.0,177.0,200.0,203.0,212.0,212.0,210.0,205.0,202.0,199.0,205.0,210.0,204.0,202.0,206.0,200.0,186.0,192.0,189.0,196.0,191.0,185.0,181.0,182.0,179.0,176.0,162.0,170.0,182.0,187.0,144.0,157.0,124.0,116.0,108.0,123.0,142.0,199.0,206.0,215.0,166.0,200.0,175.0,191.0,145.0,177.0,194.0,172.0,164.0,118.0,126.0,155.0,158.0,152.0,186.0,154.0,163.0,160.0,163.0,144.0,147.0,107.0,169.0,140.0,178.0,164.0,133.0,199.0,170.0,178.0,152.0,146.0,168.0,169.0,190.0,199.0,197.0,189.0,201.0,191.0,189.0,203.0,204.0,195.0,173.0,134.0,93.0,69.0,76.0,114.0,111.0,120.0,130.0,142.0,154.0,157.0,151.0,140.0,126.0,109.0,96.0,86.0,81.0,78.0,80.0,85.0,89.0,97.0,108.0,120.0,131.0
200.0,195.0,190.0,186.0,183.0,182.0,184.0,188.0,195.0,201.0,210.0,218.0,221.0,223.0,215.0,171.0,124.0,117.0,129.0,165.0,187.0,201.0,205.0,208.0,204.0,204.0,202.0,196.0,204.0,206.0,203.0,202.0,204.0,196.0,190.0,189.0,193.0,197.0,182.0,187.0,187.0,185.0,188.0,153.0,176.0,188.0,172.0,159.0,133.0,117.0,116.0,103.0,131.0,156.0,198.0,189.0,213.0,157.0,195.0,182.0,204.0,156.0,184.0,199.0,162.0,173.0,116.0,112.0,167.0,154.0,150.0,188.0,142.0,147.0,162.0,155.0,147.0,143.0,114.0,159.0,134.0,168.0,151.0,182.0,175.0,153.0,150.0,149.0,153.0,163.0,160.0,161.0,166.0,191.0,200.0,189.0,205.0,205.0,206.0,191.0,173.0,150.0,127.0,132.0,122.0,102.0,63.0,71.0,88.0,111.0,135.0,152.0,156.0,152.0,142.0,131.0,113.0,98.0,87.0,82.0,80.0,80.0,83.0,88.0,96.0,105.0,118.0,130.0
199.0,195.0,189.0,185.0,182.0,182.0,185.0,190.0,197.0,204.0,211.0,217.0,220.0,220.0,212.0,176.0,133.0,123.0,123.0,137.0,166.0,182.0,193.0,202.0,204.0,203.0,209.0,204.0,204.0,207.0,204.0,201.0,204.0,201.0,196.0,195.0,193.0,200.0,188.0,192.0,183.0,190.0,180.0,163.0,174.0,184.0,151.0,163.0,145.0,136.0,86.0,112.0,129.0,190.0,209.0,200.0,199.0,152.0,203.0,194.0,197.0,150.0,192.0,188.0,187.0,177.0,124.0,123.0,148.0,148.0,155.0,181.0,156.0,143.0,169.0,149.0,136.0,142.0,127.0,138.0,164.0,151.0,167.0,174.0,145.0,135.0,147.0,154.0,154.0,142.0,145.0,138.0,185.0,172.0,170.0,179.0,192.0,187.0,181.0,166.0,173.0,168.0,145.0,93.0,57.0,55.0,71.0,81.0,83.0,102.0,128.0,150.0,159.0,155.0,147.0,134.0,118.0,104.0,92.0,83.0,80.0,79.0,82.0,87.0,92.0,103.0,114.0,128.0
200.0,196.0,190.0,185.0,181.0,181.0,184.0,191.0,198.0,207.0,215.0,219.0,219.0,217.0,210.0,187.0,160.0,147.0,149.0,148.0,160.0,180.0,187.0,196.0,200.0,202.0,201.0,208.0,202.0,202.0,206.0,205.0,202.0,204.0,199.0,200.0,196.0,203.0,192.0,195.0,188.0,195.0,177.0,170.0,183.0,163.0,166.0,170.0,149.0,139.0,116.0,135.0,160.0,209.0,211.0,212.0,193.0,208.0,205.0,186.0,197.0,163.0,198.0,207.0,202.0,176.0,134.0,134.0,153.0,145.0,173.0,179.0,169.0,146.0,162.0,153.0,127.0,136.0,127.0,153.0,157.0,138.0,185.0,132.0,138.0,139.0,134.0,150.0,132.0,144.0,151.0,184.0,149.0,139.0,158.0,163.0,166.0,166.0,187.0,179.0,147.0,121.0,113.0,79.0,68.0,59.0,56.0,62.0,76.0,97.0,121.0,143.0,155.0,156.0,150.0,138.0,122.0,108.0,94.0,84.0,79.0,79.0,81.0,85.0,89.0,102.0,111.0,125.0
200.0,196.0,190.0,186.0,182.0,182.0,185.0,191.0,201.0,211.0,219.0,223.0,221.0,216.0,210.0,197.0,184.0,182.0,177.0,164.0,166.0,174.0,173.0,195.0,200.0,205.0,205.0,206.0,203.0,201.0,200.0,207.0,201.0,206.0,202.0,204.0,197.0,203.0,205.0,204.0,186.0,192.0,190.0,171.0,190.0,166.0,169.0,171.0,136.0,156.0,120.0,157.0,187.0,217.0,198.0,209.0,205.0,210.0,199.0,184.0,199.0,174.0,211.0,215.0,191.0,163.0,129.0,142.0,142.0,150.0,155.0,166.0,172.0,149.0,158.0,147.0,117.0,136.0,117.0,163.0,164.0,184.0,143.0,139.0,140.0,128.0,125.0,144.0,135.0,166.0,164.0,133.0,131.0,140.0,139.0,140.0,176.0,181.0,140.0,120.0,129.0,122.0,105.0,89.0,63.0,48.0,48.0,58.0,71.0,88.0,107.0,133.0,150.0,154.0,150.0,140.0,126.0,113.0,96.0,87.0,80.0,79.0,79.0,83.0,88.0,97.0,109.0,122.0
200.0,196.0,189.0,185.0,182.0,181.0,185.0,191.0,202.0,213.0,220.0,224.0,223.0,216.0,209.0,200.0,189.0,185.0,190.0,185.0,182.0,186.0,184.0,193.0,207.0,204.0,207.0,208.0,206.0,203.0,203.0,207.0,207.0,206.0,208.0,206.0,199.0,204.0,211.0,200.0,183.0,190.0,189.0,175.0,188.0,169.0,158.0,152.0,154.0,123.0,137.0,180.0,195.0,195.0,221.0,189.0,209.0,208.0,200.0,185.0,195.0,182.0,204.0,196.0,167.0,163.0,126.0,142.0,144.0,148.0,156.0,163.0,176.0,150.0,141.0,142.0,118.0,136.0,147.0,135.0,194.0,160.0,143.0,147.0,135.0,128.0,136.0,137.0,184.0,151.0,126.0,129.0,134.0,137.0,164.0,168.0,141.0,128.0,118.0,124.0,125.0,104.0,100.0,83.0,70.0,57.0,56.0,61.0,69.0,81.0,101.0,123.0,146.0,152.0,150.0,142.0,130.0,117.0,102.0,91.0,83.0,80.0,79.0,82.0,88.0,97.0,108.0,121.0
201.0,195.0,189.0,184.0,181.0,181.0,185.0,193.0,204.0,214.0,220.0,223.0,221.0,216.0,210.0,204.0,197.0,192.0,189.0,190.0,189.0,191.0,192.0,198.0,206.0,209.0,210.0,211.0,209.0,204.0,207.0,209.0,211.0,211.0,202.0,209.0,197.0,202.0,205.0,199.0,181.0,188.0,190.0,178.0,195.0,163.0,159.0,143.0,164.0,137.0,169.0,198.0,209.0,211.0,200.0,185.0,199.0,198.0,178.0,183.0,205.0,189.0,195.0,181.0,159.0,161.0,139.0,142.0,163.0,133.0,161.0,155.0,155.0,157.0,142.0,139.0,130.0,144.0,154.0,152.0,165.0,169.0,132.0,141.0,135.0,135.0,150.0,184.0,143.0,125.0,120.0,134.0,167.0,168.0,135.0,131.0,126.0,114.0,124.0,127.0,114.0,100.0,87.0,91.0,90.0,73.0,65.0,62.0,66.0,81.0,98.0,119.0,140.0,151.0,150.0,144.0,135.0,121.0,109.0,95.0,86.0,82.0,80.0,82.0,88.0,95.0,106.0,119.0
200.0,194.0,188.0,184.0,182.0,181.0,186.0,196.0,206.0,214.0,219.0,220.0,217.0,214.0,209.0,206.0,202.0,202.0,196.0,190.0,190.0,195.0,196.0,200.0,206.0,209.0,210.0,215.0,213.0,209.0,212.0,215.0,210.0,210.0,202.0,206.0,202.0,198.0,198.0,202.0,185.0,193.0,191.0,184.0,189.0,159.0,154.0,139.0,162.0,164.0,204.0,209.0,211.0,198.0,171.0,165.0,198.0,193.0,184.0,179.0,197.0,210.0,178.0,157.0,149.0,150.0,154.0,166.0,167.0,148.0,161.0,158.0,146.0,162.0,150.0,126.0,152.0,166.0,120.0,199.0,131.0,167.0,155.0,134.0,140.0,167.0,184.0,139.0,128.0,130.0,147.0,173.0,139.0,126.0,129.0,133.0,125.0,126.0,126.0,118.0,107.0,94.0,94.0,98.0,90.0,85.0,78.0,72.0,73.0,85.0,101.0,119.0,136.0,148.0,149.0,146.0,138.0,127.0,115.0,101.0,90.0,83.0,81.0,82.0,87.0,93.0,104.0,116.0
198.0,194.0,188.0,184.0,182.0,183.0,188.0,197.0,207.0,216.0,218.0,218.0,213.0,210.0,207.0,207.0,207.0,203.0,199.0,199.0,193.0,192.0,198.0,205.0,209.0,210.0,213.0,219.0,219.0,216.0,214.0,215.0,207.0,207.0,200.0,205.0,206.0,196.0,195.0,197.0,194.0,198.0,187.0,192.0,185.0,153.0,155.0,156.0,186.0,179.0,207.0,204.0,201.0,170.0,150.0,158.0,205.0,198.0,180.0,164.0,197.0,202.0,150.0,143.0,149.0,149.0,173.0,172.0,176.0,164.0,158.0,150.0,125.0,159.0,134.0,106.0,163.0,162.0,163.0,149.0,154.0,174.0,154.0,142.0,167.0,191.0,147.0,127.0,139.0,166.0,152.0,128.0,131.0,127.0,133.0,127.0,125.0,129.0,122.0,117.0,103.0,98.0,96.0,85.0,82.0,80.0,81.0,79.0,84.0,88.0,101.0,117.0,133.0,146.0,150.0,148.0,141.0,132.0,119.0,105.0,94.0,87.0,82.0,81.0,86.0,92.0,101.0,113.0
198.0,194.0,188.0,184.0,183.0,185.0,191.0,200.0,210.0,219.0,218.0,214.0,212.0,209.0,209.0,208.0,207.0,208.0,210.0,209.0,205.0,201.0,205.0,209.0,215.0,216.0,218.0,225.0,225.0,222.0,216.0,215.0,210.0,204.0,202.0,207.0,205.0,201.0,197.0,186.0,202.0,192.0,187.0,192.0,180.0,168.0,153.0,167.0,194.0,187.0,220.0,211.0,192.0,179.0,125.0,174.0,205.0,195.0,178.0,182.0,198.0,193.0,133.0,119.0,153.0,151.0,183.0,179.0,164.0,146.0,150.0,143.0,120.0,148.0,135.0,125.0,183.0,152.0,169.0,128.0,180.0,173.0,146.0,168.0,204.0,150.0,153.0,144.0,170.0,121.0,132.0,135.0,129.0,132.0,130.0,122.0,128.0,119.0,123.0,110.0,101.0,93.0,80.0,83.0,89.0,87.0,89.0,85.0,90.0,95.0,107.0,119.0,130.0,141.0,150.0,151.0,144.0,135.0,123.0,111.0,97.0,89.0,83.0,81.0,84.0,90.0,101.0,112.0
197.0,192.0,187.0,185.0,183.0,187.0,194.0,205.0,218.0,225.0,223.0,217.0,215.0,213.0,213.0,212.0,212.0,212.0,214.0,216.0,213.0,210.0,214.0,213.0,217.0,220.0,227.0,223.0,228.0,225.0,219.0,214.0,211.0,211.0,206.0,205.0,203.0,208.0,201.0,193.0,202.0,201.0,195.0,200.0,184.0,177.0,162.0,185.0,201.0,212.0,217.0,212.0,193.0,173.0,167.0,178.0,202.0,193.0,184.0,185.0,205.0,161.0,128.0,115.0,146.0,159.0,183.0,200.0,160.0,133.0,141.0,144.0,138.0,146.0,119.0,158.0,170.0,178.0,147.0,162.0,179.0,161.0,158.0,204.0,168.0,152.0,186.0,160.0,126.0,129.0,146.0,128.0,126.0,127.0,127.0,122.0,120.0,123.0,117.0,114.0,101.0,80.0,86.0,100.0,104.0,99.0,96.0,96.0,95.0,105.0,115.0,124.0,132.0,140.0,149.0,153.0,148.0,141.0,129.0,114.0,99.0,89.0,84.0,82.0,85.0,91.0,100.0,112.0
195.0,190.0,186.0,184.0,182.0,185.0,192.0,205.0,217.0,224.0,223.0,220.0,216.0,212.0,213.0,215.0,217.0,218.0,219.0,222.0,221.0,218.0,219.0,222.0,224.0,224.0,227.0,225.0,223.0,226.0,223.0,214.0,213.0,209.0,207.0,205.0,210.0,210.0,212.0,204.0,203.0,215.0,204.0,203.0,189.0,187.0,181.0,199.0,209.0,221.0,218.0,213.0,200.0,171.0,160.0,168.0,195.0,203.0,187.0,199.0,208.0,149.0,124.0,127.0,145.0,163.0,181.0,196.0,149.0,146.0,152.0,147.0,152.0,144.0,149.0,177.0,177.0,134.0,164.0,165.0,169.0,162.0,188.0,172.0,175.0,186.0,138.0,135.0,130.0,151.0,127.0,124.0,123.0,125.0,120.0,128.0,130.0,129.0,123.0,120.0,99.0,106.0,116.0,115.0,109.0,114.0,111.0,113.0,112.0,115.0,120.0,129.0,135.0,143.0,149.0,151.0,149.0,143.0,130.0,118.0,102.0,92.0,85.0,82.0,84.0,90.0,99.0,110.0
194.0,188.0,183.0,181.0,182.0,187.0,197.0,209.0,221.0,226.0,221.0,215.0,207.0,205.0,205.0,206.0,207.0,211.0,213.0,215.0,220.0,221.0,224.0,226.0,227.0,228.0,227.0,231.0,219.0,225.0,224.0,219.0,212.0,210.0,211.0,212.0,215.0,218.0,219.0,219.0,216.0,221.0,219.0,210.0,207.0,197.0,208.0,217.0,221.0,219.0,221.0,206.0,193.0,157.0,151.0,202.0,202.0,192.0,160.0,196.0,212.0,120.0,127.0,136.0,163.0,145.0,192.0,195.0,169.0,149.0,130.0,145.0,160.0,159.0,149.0,172.0,164.0,168.0,158.0,160.0,172.0,189.0,175.0,182.0,183.0,159.0,148.0,148.0,138.0,140.0,122.0,130.0,125.0,115.0,130.0,128.0,127.0,126.0,117.0,116.0,118.0,117.0,118.0,113.0,121.0,117.0,112.0,118.0,120.0,119.0,126.0,133.0,137.0,140.0,145.0,150.0,148.0,143.0,132.0,122.0,109.0,95.0,88.0,83.0,85.0,89.0,98.0,108.0
193.0,186.0,182.0,180.0,183.0,188.0,200.0,214.0,226.0,230.0,224.0,217.0,211.0,206.0,206.0,206.0,204.0,208.0,212.0,214.0,218.0,221.0,222.0,226.0,225.0,227.0,229.0,228.0,231.0,222.0,226.0,225.0,216.0,219.0,215.0,224.0,221.0,225.0,225.0,226.0,225.0,226.0,227.0,219.0,211.0,214.0,220.0,218.0,229.0,226.0,223.0,198.0,175.0,178.0,159.0,189.0,201.0,187.0,158.0,206.0,199.0,111.0,117.0,141.0,178.0,147.0,184.0,201.0,163.0,156.0,130.0,167.0,160.0,145.0,170.0,191.0,144.0,174.0,157.0,187.0,191.0,183.0,200.0,177.0,173.0,181.0,155.0,145.0,137.0,130.0,128.0,123.0,120.0,125.0,126.0,136.0,123.0,118.0,117.0,119.0,121.0,122.0,115.0,121.0,117.0,111.0,110.0,115.0,124.0,130.0,131.0,130.0,134.0,138.0,146.0,148.0,147.0,143.0,134.0,125.0,113.0,98.0,90.0,85.0,86.0,89.0,96.0,106.0
192.0,184.0,179.0,177.0,179.0,186.0,197.0,214.0,228.0,232.0,226.0,219.0,218.0,217.0,213.0,210.0,206.0,207.0,208.0,212.0,218.0,222.0,225.0,224.0,225.0,228.0,230.0,232.0,232.0,229.0,221.0,227.0,229.0,220.0,227.0,227.0,231.0,228.0,232.0,233.0,232.0,232.0,227.0,225.0,219.0,225.0,218.0,226.0,227.0,229.0,222.0,193.0,177.0,160.0,173.0,192.0,213.0,169.0,204.0,198.0,210.0,128.0,123.0,174.0,183.0,161.0,175.0,194.0,174.0,166.0,170.0,166.0,154.0,141.0,176.0,175.0,188.0,164.0,182.0,203.0,186.0,216.0,183.0,204.0,190.0,143.0,140.0,132.0,142.0,133.0,124.0,129.0,126.0,135.0,140.0,125.0,115.0,123.0,121.0,122.0,121.0,118.0,111.0,109.0,107.0,108.0,113.0,123.0,129.0,130.0,124.0,124.0,131.0,141.0,145.0,149.0,146.0,143.0,138.0,130.0,118.0,103.0,95.0,89.0,86.0,88.0,93.0,104.0
190.0,183.0,178.0,175.0,177.0,185.0,196.0,212.0,228.0,231.0,223.0,220.0,221.0,225.0,224.0,217.0,211.0,211.0,211.0,214.0,217.0,218.0,223.0,225.0,227.0,229.0,234.0,237.0,238.0,229.0,228.0,230.0,232.0,233.0,230.0,230.0,229.0,231.0,234.0,234.0,237.0,229.0,229.0,225.0,222.0,226.0,223.0,228.0,233.0,232.0,201.0,198.0,199.0,177.0,175.0,201.0,197.0,186.0,191.0,206.0,219.0,141.0,132.0,183.0,188.0,173.0,179.0,195.0,183.0,182.0,180.0,136.0,142.0,151.0,163.0,164.0,184.0,186.0,202.0,188.0,221.0,215.0,221.0,185.0,158.0,161.0,156.0,152.0,143.0,127.0,134.0,126.0,139.0,141.0,130.0,112.0,121.0,113.0,116.0,108.0,104.0,104.0,116.0,119.0,118.0,114.0,125.0,129.0,124.0,122.0,120.0,123.0,130.0,138.0,143.0,150.0,149.0,144.0,142.0,135.0,123.0,112.0,99.0,93.0,88.0,90.0,94.0,103.0
188.0,181.0,174.0,172.0,177.0,187.0,198.0,213.0,227.0,231.0,226.0,219.0,221.0,227.0,230.0,227.0,221.0,216.0,212.0,215.0,219.0,222.0,225.0,228.0,228.0,231.0,234.0,237.0,239.0,240.0,234.0,234.0,238.0,237.0,233.0,232.0,229.0,230.0,231.0,238.0,236.0,230.0,223.0,220.0,219.0,225.0,221.0,231.0,228.0,220.0,213.0,215.0,190.0,173.0,183.0,209.0,204.0,202.0,176.0,202.0,211.0,157.0,156.0,165.0,182.0,201.0,190.0,204.0,180.0,198.0,173.0,130.0,133.0,160.0,152.0,180.0,179.0,198.0,199.0,215.0,222.0,215.0,189.0,175.0,171.0,160.0,151.0,138.0,134.0,134.0,131.0,138.0,143.0,131.0,120.0,119.0,119.0,109.0,108.0,112.0,119.0,122.0,112.0,109.0,115.0,119.0,120.0,118.0,119.0,120.0,124.0,128.0,135.0,138.0,143.0,149.0,147.0,143.0,141.0,135.0,126.0,115.0,101.0,93.0,88.0,89.0,93.0,102.0
185.0,177.0,171.0,169.0,175.0,188.0,201.0,214.0,225.0,229.0,225.0,219.0,220.0,224.0,226.0,225.0,224.0,223.0,218.0,217.0,220.0,225.0,228.0,231.0,233.0,236.0,237.0,239.0,239.0,236.0,242.0,242.0,234.0,235.0,235.0,231.0,230.0,231.0,237.0,238.0,232.0,228.0,216.0,219.0,219.0,226.0,222.0,232.0,219.0,221.0,236.0,210.0,180.0,179.0,186.0,203.0,215.0,187.0,181.0,199.0,203.0,176.0,161.0,166.0,190.0,214.0,189.0,206.0,182.0,201.0,170.0,117.0,127.0,136.0,162.0,177.0,197.0,197.0,222.0,212.0,219.0,217.0,190.0,169.0,167.0,153.0,137.0,139.0,140.0,144.0,146.0,150.0,140.0,131.0,127.0,120.0,120.0,130.0,120.0,115.0,112.0,115.0,114.0,119.0,113.0,112.0,122.0,126.0,122.0,119.0,130.0,135.0,133.0,134.0,139.0,144.0,146.0,142.0,140.0,136.0,127.0,114.0,102.0,94.0,89.0,88.0,93.0,101.0
183.0,174.0,167.0,165.0,171.0,183.0,198.0,211.0,222.0,227.0,224.0,223.0,221.0,224.0,222.0,221.0,221.0,218.0,217.0,219.0,220.0,224.0,229.0,233.0,234.0,234.0,238.0,244.0,246.0,241.0,233.0,236.0,241.0,236.0,229.0,226.0,233.0,235.0,236.0,234.0,223.0,218.0,205.0,211.0,203.0,218.0,232.0,227.0,221.0,225.0,216.0,201.0,204.0,162.0,206.0,201.0,206.0,164.0,166.0,193.0,197.0,187.0,160.0,169.0,202.0,215.0,203.0,204.0,189.0,200.0,178.0,138.0,117.0,151.0,175.0,182.0,187.0,206.0,208.0,223.0,224.0,203.0,185.0,183.0,156.0,154.0,155.0,162.0,156.0,154.0,152.0,150.0,142.0,132.0,127.0,133.0,127.0,119.0,116.0,112.0,107.0,109.0,104.0,106.0,109.0,115.0,127.0,117.0,121.0,125.0,133.0,129.0,126.0,130.0,134.0,141.0,142.0,141.0,140.0,136.0,128.0,117.0,105.0,96.0,89.0,87.0,91.0,99.0
181.0,172.0,164.0,163.0,167.0,180.0,196.0,210.0,219.0,226.0,225.0,225.0,223.0,222.0,217.0,219.0,223.0,222.0,219.0,222.0,225.0,225.0,227.0,232.0,234.0,237.0,241.0,242.0,237.0,235.0,236.0,234.0,231.0,231.0,232.0,226.0,229.0,234.0,232.0,228.0,216.0,204.0,206.0,206.0,208.0,223.0,231.0,227.0,220.0,218.0,221.0,217.0,199.0,155.0,198.0,200.0,173.0,152.0,146.0,195.0,204.0,188.0,176.0,175.0,202.0,212.0,217.0,186.0,181.0,200.0,171.0,123.0,127.0,165.0,170.0,179.0,203.0,203.0,211.0,206.0,189.0,212.0,200.0,189.0,201.0,203.0,204.0,198.0,198.0,173.0,153.0,145.0,141.0,148.0,142.0,132.0,129.0,129.0,119.0,127.0,127.0,107.0,112.0,126.0,122.0,127.0,133.0,129.0,124.0,128.0,128.0,122.0,125.0,128.0,131.0,139.0,141.0,139.0,140.0,138.0,130.0,119.0,105.0,96.0,90.0,88.0,90.0,99.0
181.0,170.0,162.0,160.0,164.0,177.0,193.0,207.0,220.0,228.0,226.0,224.0,222.0,220.0,219.0,215.0,221.0,223.0,222.0,223.0,226.0,229.0,230.0,230.0,234.0,235.0,237.0,240.0,239.0,235.0,230.0,229.0,225.0,224.0,222.0,228.0,224.0,227.0,225.0,220.0,209.0,192.0,186.0,190.0,205.0,228.0,224.0,216.0,204.0,214.0,222.0,199.0,178.0,153.0,198.0,190.0,149.0,127.0,146.0,190.0,198.0,191.0,170.0,202.0,198.0,205.0,210.0,186.0,175.0,192.0,158.0,131.0,132.0,147.0,158.0,175.0,176.0,181.0,191.0,221.0,218.0,207.0,194.0,185.0,173.0,169.0,170.0,167.0,169.0,178.0,191.0,192.0,169.0,151.0,142.0,135.0,139.0,133.0,135.0,126.0,121.0,116.0,119.0,127.0,127.0,128.0,130.0,137.0,131.0,125.0,123.0,123.0,125.0,128.0,131.0,138.0,141.0,140.0,140.0,138.0,131.0,119.0,106.0,97.0,90.0,87.0,89.0,98.0
180.0,168.0,160.0,158.0,161.0,173.0,188.0,205.0,218.0,228.0,228.0,223.0,222.0,220.0,218.0,213.0,212.0,215.0,218.0,222.0,224.0,229.0,233.0,232.0,234.0,237.0,238.0,234.0,231.0,229.0,224.0,217.0,219.0,215.0,211.0,216.0,223.0,222.0,219.0,209.0,195.0,185.0,200.0,190.0,214.0,235.0,212.0,222.0,201.0,211.0,212.0,185.0,178.0,178.0,186.0,182.0,138.0,91.0,141.0,187.0,185.0,190.0,194.0,206.0,195.0,201.0,202.0,186.0,176.0,171.0,160.0,141.0,154.0,103.0,142.0,150.0,161.0,197.0,223.0,207.0,211.0,190.0,184.0,162.0,163.0,162.0,164.0,170.0,175.0,174.0,167.0,165.0,181.0,182.0,164.0,148.0,139.0,135.0,128.0,123.0,134.0,141.0,147.0,140.0,138.0,137.0,138.0,139.0,135.0,134.0,127.0,125.0,130.0,131.0,136.0,140.0,141.0,140.0,140.0,137.0,131.0,123.0,109.0,97.0,90.0,86.0,88.0,97.0
180.0,165.0,157.0,153.0,157.0,169.0,184.0,201.0,215.0,226.0,230.0,226.0,221.0,218.0,215.0,211.0,207.0,208.0,209.0,212.0,217.0,224.0,230.0,230.0,230.0,234.0,232.0,232.0,231.0,228.0,223.0,221.0,220.0,217.0,212.0,208.0,216.0,221.0,210.0,206.0,178.0,162.0,185.0,199.0,217.0,226.0,219.0,207.0,202.0,211.0,178.0,185.0,170.0,156.0,191.0,161.0,112.0,74.0,125.0,168.0,176.0,189.0,203.0,189.0,197.0,193.0,206.0,177.0,183.0,154.0,176.0,135.0,105.0,87.0,121.0,132.0,169.0,201.0,201.0,192.0,181.0,148.0,162.0,184.0,184.0,169.0,158.0,171.0,184.0,165.0,152.0,148.0,155.0,155.0,162.0,156.0,139.0,130.0,124.0,122.0,127.0,133.0,130.0,131.0,143.0,143.0,141.0,136.0,132.0,130.0,132.0,132.0,132.0,132.0,138.0,139.0,139.0,139.0,140.0,137.0,132.0,122.0,109.0,100.0,90.0,86.0,89.0,96.0
188.0,178.0,165.0,152.0,153.0,167.0,184.0,198.0,213.0,224.0,230.0,230.0,227.0,220.0,212.0,206.0,206.0,202.0,201.0,205.0,214.0,222.0,227.0,229.0,231.0,232.0,226.0,221.0,219.0,211.0,206.0,213.0,217.0,207.0,206.0,207.0,204.0,199.0,198.0,196.0,179.0,162.0,164.0,193.0,210.0,210.0,199.0,195.0,200.0,194.0,180.0,194.0,148.0,164.0,169.0,128.0,105.0,84.0,126.0,141.0,167.0,197.0,185.0,178.0,193.0,181.0,181.0,168.0,174.0,168.0,171.0,121.0,84.0,72.0,112.0,126.0,177.0,151.0,140.0,140.0,147.0,166.0,157.0,156.0,154.0,172.0,175.0,164.0,159.0,169.0,177.0,176.0,158.0,155.0,154.0,155.0,157.0,140.0,132.0,130.0,123.0,113.0,122.0,133.0,140.0,145.0,141.0,131.0,124.0,120.0,126.0,131.0,130.0,133.0,134.0,138.0,139.0,138.0,136.0,134.0,130.0,121.0,111.0,100.0,91.0,86.0,87.0,93.0
183.0,174.0,174.0,180.0,178.0,175.0,182.0,193.0,209.0,222.0,229.0,229.0,227.0,219.0,212.0,209.0,204.0,196.0,192.0,191.0,197.0,204.0,212.0,222.0,222.0,222.0,224.0,220.0,218.0,213.0,209.0,197.0,201.0,201.0,201.0,195.0,194.0,184.0,175.0,170.0,166.0,171.0,169.0,190.0,209.0,195.0,207.0,186.0,187.0,184.0,197.0,158.0,138.0,165.0,130.0,114.0,109.0,95.0,107.0,162.0,172.0,193.0,173.0,175.0,163.0,149.0,166.0,136.0,164.0,161.0,144.0,129.0,87.0,105.0,123.0,142.0,128.0,128.0,125.0,132.0,134.0,137.0,135.0,141.0,152.0,149.0,159.0,157.0,155.0,152.0,152.0,161.0,163.0,163.0,157.0,150.0,145.0,155.0,137.0,124.0,126.0,126.0,132.0,136.0,135.0,129.0,116.0,111.0,115.0,118.0,123.0,127.0,128.0,128.0,134.0,139.0,138.0,137.0,135.0,133.0,129.0,122.0,112.0,100.0,90.0,86.0,87.0,94.0
183.0,171.0,161.0,168.0,185.0,197.0,204.0,209.0,214.0,223.0,230.0,228.0,225.0,216.0,210.0,211.0,197.0,191.0,194.0,195.0,201.0,209.0,217.0,216.0,212.0,206.0,199.0,197.0,185.0,164.0,116.0,90.0,85.0,113.0,130.0,133.0,142.0,156.0,161.0,150.0,152.0,145.0,160.0,165.0,206.0,182.0,163.0,172.0,168.0,189.0,186.0,131.0,157.0,145.0,131.0,110.0,113.0,93.0,121.0,148.0,173.0,186.0,171.0,149.0,151.0,148.0,135.0,116.0,117.0,135.0,124.0,119.0,91.0,99.0,134.0,149.0,112.0,117.0,133.0,146.0,141.0,119.0,107.0,138.0,145.0,147.0,158.0,165.0,162.0,171.0,172.0,173.0,162.0,152.0,153.0,152.0,149.0,147.0,150.0,145.0,140.0,136.0,138.0,129.0,119.0,114.0,98.0,98.0,110.0,120.0,116.0,124.0,129.0,133.0,138.0,140.0,139.0,138.0,136.0,134.0,130.0,124.0,111.0,100.0,90.0,86.0,86.0,92.0
178.0,165.0,152.0,150.0,161.0,177.0,193.0,207.0,219.0,229.0,232.0,227.0,220.0,215.0,209.0,199.0,192.0,195.0,203.0,207.0,211.0,215.0,216.0,219.0,216.0,207.0,173.0,141.0,114.0,62.0,54.0,70.0,60.0,49.0,43.0,25.0,16.0,54.0,106.0,142.0,132.0,135.0,119.0,135.0,159.0,156.0,144.0,142.0,151.0,164.0,134.0,137.0,148.0,129.0,135.0,149.0,103.0,93.0,131.0,149.0,162.0,168.0,155.0,142.0,131.0,120.0,110.0,116.0,84.0,112.0,111.0,102.0,105.0,92.0,102.0,139.0,115.0,118.0,124.0,120.0,99.0,101.0,107.0,131.0,122.0,108.0,113.0,136.0,155.0,158.0,168.0,163.0,156.0,154.0,148.0,146.0,141.0,134.0,125.0,131.0,127.0,118.0,115.0,104.0,95.0,96.0,98.0,103.0,106.0,110.0,117.0,122.0,131.0,137.0,142.0,143.0,141.0,139.0,138.0,137.0,132.0,126.0,113.0,100.0,90.0,85.0,87.0,93.0
177.0,161.0,144.0,133.0,137.0,152.0,174.0,192.0,209.0,220.0,229.0,225.0,218.0,218.0,214.0,205.0,199.0,203.0,202.0,207.0,210.0,214.0,217.0,219.0,221.0,214.0,175.0,134.0,105.0,63.0,79.0,86.0,73.0,88.0,69.0,12.0,6.0,8.0,19.0,45.0,114.0,131.0,130.0,131.0,142.0,129.0,116.0,127.0,134.0,127.0,111.0,130.0,131.0,141.0,125.0,131.0,98.0,103.0,133.0,138.0,159.0,147.0,136.0,122.0,110.0,113.0,111.0,111.0,100.0,111.0,112.0,101.0,99.0,104.0,113.0,114.0,109.0,71.0,28.0,10.0,4.0,3.0,6.0,12.0,28.0,50.0,53.0,61.0,81.0,106.0,119.0,136.0,137.0,124.0,116.0,111.0,97.0,94.0,102.0,101.0,119.0,109.0,94.0,94.0,88.0,94.0,97.0,94.0,100.0,110.0,113.0,119.0,128.0,137.0,145.0,146.0,144.0,143.0,141.0,138.0,135.0,126.0,114.0,99.0,90.0,86.0,86.0,93.0
177.0,161.0,144.0,132.0,128.0,136.0,157.0,181.0,201.0,215.0,223.0,226.0,222.0,217.0,214.0,207.0,203.0,203.0,200.0,205.0,211.0,212.0,220.0,225.0,225.0,217.0,176.0,126.0,86.0,75.0,90.0,83.0,89.0,88.0,36.0,14.0,16.0,25.0,4.0,3.0,25.0,107.0,134.0,138.0,129.0,126.0,120.0,123.0,128.0,116.0,98.0,130.0,129.0,120.0,129.0,116.0,106.0,113.0,125.0,129.0,149.0,132.0,126.0,123.0,118.0,102.0,94.0,109.0,116.0,113.0,105.0,110.0,113.0,122.0,113.0,62.0,12.0,12.0,6.0,1.0,1.0,1.0,1.0,15.0,25.0,39.0,58.0,47.0,31.0,76.0,86.0,64.0,73.0,82.0,80.0,66.0,72.0,99.0,97.0,116.0,116.0,120.0,105.0,91.0,92.0,92.0,92.0,87.0,91.0,105.0,117.0,120.0,132.0,140.0,147.0,149.0,148.0,146.0,145.0,142.0,136.0,128.0,116.0,103.0,92.0,88.0,87.0,96.0
178.0,162.0,144.0,131.0,125.0,133.0,156.0,178.0,197.0,212.0,223.0,228.0,225.0,220.0,214.0,207.0,205.0,205.0,198.0,201.0,202.0,208.0,213.0,219.0,216.0,202.0,170.0,112.0,55.0,70.0,88.0,79.0,69.0,73.0,23.0,23.0,22.0,3.0,2.0,2.0,9.0,17.0,111.0,138.0,140.0,129.0,128.0,130.0,122.0,116.0,117.0,132.0,121.0,120.0,127.0,102.0,114.0,104.0,127.0,134.0,145.0,124.0,125.0,112.0,105.0,89.0,93.0,123.0,109.0,104.0,118.0,112.0,123.0,113.0,38.0,12.0,7.0,22.0,16.0,9.0,6.0,3.0,1.0,7.0,39.0,45.0,62.0,65.0,32.0,47.0,83.0,86.0,86.0,90.0,89.0,86.0,102.0,105.0,124.0,132.0,131.0,123.0,107.0,93.0,96.0,103.0,96.0,99.0,105.0,109.0,120.0,129.0,139.0,146.0,148.0,151.0,151.0,147.0,143.0,141.0,136.0,127.0,116.0,103.0,95.0,90.0,92.0,97.0
178.0,162.0,145.0,131.0,127.0,135.0,153.0,176.0,195.0,211.0,221.0,228.0,229.0,225.0,217.0,208.0,205.0,205.0,201.0,195.0,203.0,207.0,211.0,217.0,219.0,210.0,186.0,104.0,45.0,58.0,81.0,79.0,84.0,61.0,34.0,18.0,6.0,3.0,1.0,2.0,11.0,14.0,27.0,125.0,145.0,137.0,143.0,133.0,119.0,122.0,124.0,131.0,119.0,129.0,115.0,91.0,113.0,110.0,128.0,137.0,133.0,127.0,123.0,107.0,103.0,100.0,106.0,110.0,112.0,112.0,118.0,115.0,113.0,50.0,26.0,15.0,39.0,46.0,12.0,6.0,3.0,2.0,2.0,9.0,49.0,68.0,63.0,62.0,49.0,31.0,82.0,104.0,127.0,127.0,122.0,121.0,124.0,126.0,123.0,135.0,134.0,114.0,98.0,100.0,100.0,101.0,97.0,100.0,104.0,117.0,129.0,136.0,143.0,148.0,152.0,154.0,152.0,146.0,143.0,138.0,134.0,126.0,116.0,103.0,95.0,92.0,93.0,99.0
176.0,161.0,142.0,127.0,120.0,128.0,147.0,172.0,193.0,208.0,220.0,227.0,231.0,227.0,222.0,218.0,209.0,201.0,197.0,194.0,193.0,195.0,202.0,209.0,205.0,192.0,175.0,110.0,49.0,32.0,64.0,68.0,91.0,75.0,9.0,4.0,4.0,1.0,2.0,11.0,18.0,18.0,14.0,56.0,144.0,148.0,148.0,141.0,132.0,143.0,130.0,113.0,122.0,128.0,113.0,115.0,112.0,111.0,120.0,136.0,122.0,133.0,106.0,117.0,91.0,106.0,113.0,113.0,119.0,120.0,119.0,118.0,58.0,40.0,24.0,30.0,63.0,49.0,10.0,3.0,1.0,1.0,2.0,11.0,28.0,66.0,74.0,70.0,45.0,31.0,79.0,120.0,142.0,152.0,142.0,134.0,128.0,119.0,128.0,124.0,125.0,114.0,103.0,109.0,107.0,102.0,106.0,104.0,110.0,120.0,129.0,137.0,144.0,149.0,155.0,156.0,154.0,148.0,143.0,137.0,132.0,124.0,115.0,105.0,96.0,92.0,92.0,100.0
175.0,159.0,140.0,124.0,114.0,120.0,139.0,166.0,189.0,208.0,220.0,228.0,230.0,227.0,221.0,217.0,210.0,199.0,198.0,196.0,188.0,182.0,193.0,199.0,198.0,197.0,181.0,124.0,58.0,16.0,63.0,64.0,80.0,80.0,21.0,1.0,0.0,1.0,4.0,6.0,26.0,22.0,23.0,43.0,110.0,156.0,156.0,144.0,139.0,136.0,133.0,114.0,126.0,132.0,119.0,119.0,110.0,119.0,111.0,132.0,132.0,129.0,105.0,120.0,107.0,105.0,116.0,124.0,119.0,128.0,126.0,89.0,21.0,51.0,34.0,24.0,40.0,49.0,8.0,2.0,2.0,4.0,1.0,2.0,21.0,53.0,67.0,80.0,43.0,36.0,85.0,136.0,147.0,144.0,140.0,132.0,139.0,126.0,124.0,120.0,119.0,117.0,111.0,105.0,114.0,116.0,119.0,115.0,115.0,121.0,130.0,138.0,146.0,151.0,158.0,158.0,155.0,149.0,143.0,137.0,130.0,123.0,115.0,105.0,96.0,92.0,93.0,101.0
171.0,156.0,137.0,120.0,110.0,114.0,130.0,161.0,186.0,205.0,218.0,226.0,230.0,227.0,221.0,216.0,212.0,208.0,201.0,197.0,186.0,174.0,174.0,180.0,198.0,201.0,180.0,133.0,64.0,23.0,44.0,65.0,72.0,81.0,45.0,3.0,0.0,1.0,3.0,15.0,24.0,25.0,30.0,52.0,70.0,155.0,158.0,150.0,150.0,142.0,134.0,133.0,124.0,131.0,122.0,108.0,114.0,115.0,116.0,123.0,137.0,115.0,120.0,118.0,109.0,114.0,119.0,117.0,136.0,127.0,119.0,38.0,10.0,48.0,39.0,37.0,35.0,30.0,6.0,2.0,8.0,2.0,0.0,1.0,22.0,45.0,52.0,69.0,35.0,44.0,99.0,145.0,154.0,147.0,142.0,129.0,123.0,118.0,110.0,110.0,114.0,110.0,112.0,118.0,120.0,119.0,124.0,120.0,119.0,124.0,133.0,142.0,148.0,154.0,158.0,159.0,155.0,148.0,141.0,135.0,130.0,122.0,113.0,103.0,95.0,92.0,95.0,100.0
168.0,152.0,131.0,115.0,106.0,107.0,123.0,151.0,178.0,201.0,217.0,226.0,231.0,229.0,222.0,218.0,214.0,209.0,202.0,191.0,186.0,184.0,179.0,165.0,181.0,191.0,175.0,150.0,84.0,53.0,18.0,64.0,71.0,74.0,66.0,21.0,2.0,1.0,10.0,24.0,30.0,30.0,54.0,66.0,43.0,142.0,156.0,152.0,165.0,157.0,158.0,118.0,123.0,132.0,144.0,100.0,118.0,110.0,118.0,133.0,136.0,115.0,108.0,102.0,103.0,116.0,126.0,130.0,134.0,135.0,85.0,29.0,10.0,43.0,60.0,46.0,53.0,42.0,16.0,5.0,1.0,1.0,1.0,6.0,22.0,38.0,38.0,72.0,24.0,62.0,127.0,151.0,150.0,147.0,133.0,128.0,112.0,107.0,113.0,121.0,109.0,115.0,127.0,125.0,119.0,120.0,120.0,119.0,120.0,122.0,129.0,141.0,149.0,156.0,158.0,156.0,152.0,144.0,138.0,133.0,127.0,120.0,113.0,103.0,96.0,93.0,95.0,102.0
164.0,147.0,128.0,112.0,100.0,99.0,114.0,140.0,169.0,194.0,213.0,226.0,233.0,232.0,225.0,219.0,214.0,210.0,205.0,193.0,188.0,186.0,186.0,171.0,165.0,174.0,179.0,166.0,125.0,74.0,40.0,23.0,70.0,71.0,59.0,39.0,20.0,14.0,18.0,28.0,28.0,51.0,77.0,51.0,63.0,128.0,165.0,170.0,164.0,166.0,166.0,144.0,147.0,141.0,121.0,111.0,104.0,104.0,126.0,127.0,130.0,124.0,116.0,90.0,93.0,114.0,137.0,141.0,130.0,131.0,59.0,34.0,24.0,25.0,76.0,55.0,42.0,37.0,33.0,10.0,0.0,0.0,1.0,18.0,20.0,38.0,53.0,60.0,36.0,87.0,151.0,152.0,157.0,147.0,134.0,124.0,119.0,115.0,118.0,119.0,121.0,129.0,118.0,115.0,120.0,121.0,118.0,118.0,123.0,125.0,138.0,148.0,154.0,158.0,158.0,155.0,148.0,138.0,132.0,128.0,122.0,119.0,111.0,102.0,94.0,91.0,94.0,100.0
160.0,142.0,123.0,108.0,95.0,96.0,113.0,140.0,168.0,192.0,211.0,223.0,231.0,232.0,226.0,220.0,213.0,209.0,206.0,193.0,185.0,181.0,172.0,162.0,165.0,173.0,186.0,170.0,155.0,109.0,83.0,43.0,26.0,68.0,75.0,62.0,48.0,36.0,41.0,41.0,54.0,79.0,50.0,66.0,111.0,121.0,171.0,172.0,148.0,175.0,175.0,164.0,163.0,148.0,128.0,124.0,107.0,100.0,107.0,123.0,125.0,117.0,112.0,110.0,101.0,109.0,128.0,147.0,142.0,123.0,49.0,31.0,48.0,8.0,59.0,79.0,44.0,36.0,35.0,28.0,8.0,3.0,13.0,24.0,36.0,53.0,73.0,29.0,66.0,114.0,154.0,156.0,148.0,128.0,114.0,115.0,112.0,116.0,123.0,118.0,118.0,117.0,116.0,121.0,122.0,123.0,125.0,125.0,127.0,131.0,141.0,152.0,157.0,159.0,155.0,148.0,141.0,131.0,125.0,121.0,120.0,116.0,109.0,103.0,96.0,94.0,94.0,101.0
156.0,138.0,121.0,104.0,93.0,92.0,107.0,133.0,165.0,191.0,209.0,220.0,228.0,231.0,228.0,215.0,210.0,208.0,203.0,198.0,191.0,178.0,177.0,179.0,170.0,158.0,161.0,171.0,175.0,155.0,113.0,105.0,83.0,32.0,42.0,67.0,64.0,56.0,63.0,63.0,59.0,43.0,78.0,155.0,110.0,122.0,170.0,167.0,174.0,190.0,182.0,161.0,165.0,163.0,131.0,116.0,112.0,104.0,104.0,120.0,125.0,102.0,81.0,98.0,113.0,128.0,133.0,146.0,143.0,114.0,51.0,16.0,36.0,20.0,12.0,59.0,68.0,56.0,38.0,30.0,25.0,19.0,26.0,44.0,63.0,73.0,26.0,54.0,86.0,142.0,158.0,149.0,143.0,132.0,108.0,105.0,100.0,105.0,106.0,111.0,115.0,113.0,116.0,124.0,129.0,131.0,129.0,124.0,123.0,132.0,144.0,152.0,153.0,151.0,149.0,142.0,135.0,127.0,120.0,118.0,118.0,115.0,109.0,102.0,97.0,93.0,95.0,102.0
154.0,135.0,118.0,101.0,90.0,89.0,99.0,124.0,156.0,185.0,205.0,217.0,225.0,229.0,224.0,214.0,208.0,208.0,201.0,199.0,193.0,171.0,160.0,159.0,171.0,164.0,151.0,147.0,177.0,181.0,178.0,157.0,137.0,120.0,82.0,41.0,28.0,32.0,33.0,40.0,52.0,62.0,84.0,97.0,84.0,124.0,171.0,172.0,183.0,187.0,177.0,162.0,184.0,154.0,130.0,118.0,112.0,95.0,107.0,105.0,115.0,103.0,101.0,96.0,118.0,137.0,141.0,149.0,140.0,108.0,56.0,15.0,18.0,31.0,14.0,15.0,52.0,71.0,66.0,55.0,47.0,49.0,60.0,68.0,63.0,30.0,61.0,79.0,125.0,158.0,158.0,137.0,119.0,107.0,104.0,95.0,92.0,99.0,98.0,113.0,120.0,115.0,122.0,124.0,126.0,124.0,118.0,118.0,123.0,136.0,147.0,151.0,150.0,148.0,144.0,139.0,131.0,124.0,119.0,118.0,119.0,114.0,109.0,103.0,98.0,95.0,98.0,104.0
153.0,136.0,118.0,102.0,90.0,84.0,96.0,120.0,151.0,182.0,204.0,216.0,223.0,226.0,222.0,212.0,203.0,197.0,195.0,200.0,201.0,185.0,168.0,155.0,149.0,165.0,158.0,134.0,147.0,174.0,192.0,195.0,176.0,171.0,154.0,119.0,74.0,59.0,54.0,56.0,59.0,60.0,75.0,94.0,107.0,131.0,155.0,178.0,186.0,179.0,178.0,176.0,188.0,164.0,127.0,115.0,114.0,103.0,100.0,98.0,95.0,91.0,89.0,105.0,101.0,134.0,150.0,154.0,132.0,92.0,71.0,44.0,26.0,26.0,35.0,23.0,11.0,26.0,43.0,55.0,57.0,53.0,42.0,30.0,42.0,74.0,80.0,119.0,160.0,169.0,143.0,121.0,91.0,102.0,93.0,88.0,98.0,99.0,109.0,113.0,108.0,113.0,121.0,127.0,130.0,126.0,115.0,117.0,129.0,145.0,151.0,151.0,149.0,145.0,142.0,136.0,129.0,124.0,121.0,120.0,119.0,115.0,108.0,102.0,98.0,96.0,98.0,104.0
151.0,135.0,120.0,104.0,89.0,85.0,94.0,115.0,145.0,175.0,198.0,213.0,222.0,226.0,221.0,209.0,198.0,186.0,189.0,195.0,195.0,187.0,179.0,162.0,144.0,147.0,138.0,142.0,148.0,145.0,158.0,186.0,190.0,193.0,195.0,193.0,169.0,138.0,115.0,100.0,109.0,106.0,101.0,107.0,124.0,134.0,137.0,179.0,178.0,185.0,193.0,201.0,191.0,166.0,112.0,149.0,110.0,110.0,98.0,98.0,95.0,94.0,103.0,102.0,103.0,136.0,134.0,140.0,117.0,80.0,79.0,70.0,64.0,51.0,47.0,48.0,48.0,41.0,28.0,23.0,29.0,40.0,56.0,75.0,83.0,90.0,132.0,156.0,157.0,139.0,119.0,102.0,99.0,90.0,96.0,90.0,101.0,110.0,109.0,109.0,109.0,114.0,119.0,118.0,119.0,119.0,116.0,120.0,134.0,147.0,150.0,151.0,150.0,146.0,142.0,135.0,128.0,124.0,122.0,121.0,118.0,113.0,107.0,102.0,99.0,97.0,100.0,104.0
151.0,137.0,120.0,104.0,89.0,83.0,89.0,108.0,135.0,168.0,193.0,211.0,222.0,228.0,227.0,215.0,197.0,181.0,180.0,187.0,197.0,190.0,184.0,174.0,159.0,151.0,152.0,147.0,153.0,153.0,142.0,147.0,158.0,172.0,183.0,191.0,180.0,184.0,163.0,151.0,149.0,136.0,115.0,109.0,107.0,128.0,121.0,155.0,172.0,169.0,192.0,194.0,200.0,161.0,154.0,147.0,101.0,104.0,100.0,94.0,100.0,90.0,99.0,99.0,97.0,126.0,136.0,131.0,99.0,65.0,80.0,88.0,76.0,73.0,74.0,70.0,69.0,61.0,61.0,59.0,63.0,69.0,74.0,82.0,114.0,146.0,162.0,158.0,137.0,113.0,99.0,102.0,107.0,97.0,98.0,106.0,108.0,111.0,107.0,108.0,110.0,111.0,112.0,114.0,110.0,109.0,110.0,122.0,137.0,149.0,155.0,156.0,154.0,149.0,142.0,136.0,130.0,127.0,127.0,122.0,118.0,112.0,107.0,102.0,97.0,97.0,98.0,104.0
152.0,138.0,121.0,104.0,90.0,83.0,85.0,102.0,128.0,161.0,189.0,208.0,221.0,230.0,231.0,225.0,209.0,185.0,168.0,165.0,179.0,189.0,192.0,178.0,168.0,151.0,143.0,145.0,136.0,116.0,123.0,137.0,131.0,136.0,149.0,159.0,164.0,180.0,177.0,183.0,159.0,141.0,119.0,118.0,109.0,134.0,133.0,121.0,140.0,178.0,208.0,192.0,182.0,187.0,181.0,121.0,111.0,100.0,102.0,89.0,92.0,96.0,96.0,91.0,105.0,94.0,119.0,113.0,83.0,69.0,59.0,85.0,80.0,92.0,112.0,116.0,122.0,121.0,118.0,108.0,112.0,117.0,136.0,143.0,159.0,156.0,153.0,122.0,100.0,104.0,102.0,95.0,85.0,98.0,101.0,111.0,105.0,97.0,96.0,104.0,112.0,113.0,111.0,104.0,103.0,106.0,117.0,135.0,149.0,157.0,161.0,160.0,157.0,151.0,145.0,138.0,132.0,128.0,127.0,124.0,118.0,110.0,105.0,100.0,95.0,96.0,99.0,103.0
152.0,138.0,122.0,106.0,92.0,82.0,82.0,99.0,125.0,159.0,186.0,207.0,220.0,229.0,234.0,232.0,224.0,205.0,176.0,156.0,161.0,180.0,194.0,182.0,165.0,145.0,138.0,116.0,104.0,113.0,115.0,130.0,135.0,146.0,155.0,172.0,178.0,167.0,179.0,168.0,155.0,152.0,150.0,151.0,155.0,156.0,113.0,134.0,171.0,198.0,190.0,201.0,204.0,162.0,161.0,115.0,125.0,100.0,87.0,83.0,75.0,81.0,86.0,98.0,102.0,90.0,94.0,85.0,65.0,70.0,27.0,70.0,80.0,104.0,123.0,133.0,148.0,147.0,143.0,145.0,151.0,137.0,151.0,154.0,149.0,132.0,119.0,104.0,110.0,97.0,85.0,97.0,93.0,106.0,101.0,92.0,94.0,94.0,94.0,105.0,104.0,107.0,104.0,101.0,99.0,112.0,132.0,146.0,154.0,160.0,162.0,160.0,158.0,152.0,145.0,136.0,131.0,128.0,126.0,122.0,117.0,110.0,103.0,98.0,96.0,97.0,99.0,100.0
151.0,136.0,123.0,108.0,93.0,85.0,84.0,96.0,121.0,153.0,182.0,203.0,218.0,227.0,233.0,234.0,230.0,222.0,205.0,177.0,162.0,165.0,171.0,175.0,165.0,156.0,141.0,123.0,123.0,111.0,100.0,109.0,137.0,166.0,176.0,170.0,176.0,161.0,170.0,174.0,171.0,186.0,180.0,191.0,183.0,155.0,132.0,142.0,160.0,180.0,195.0,205.0,196.0,192.0,157.0,151.0,149.0,122.0,92.0,88.0,80.0,75.0,72.0,84.0,91.0,75.0,79.0,80.0,53.0,60.0,54.0,79.0,89.0,103.0,123.0,139.0,147.0,151.0,148.0,150.0,157.0,147.0,144.0,132.0,115.0,110.0,112.0,98.0,100.0,93.0,93.0,92.0,97.0,92.0,86.0,90.0,92.0,97.0,101.0,102.0,101.0,95.0,98.0,102.0,114.0,132.0,146.0,154.0,160.0,162.0,162.0,159.0,156.0,149.0,142.0,132.0,127.0,123.0,122.0,120.0,115.0,108.0,102.0,97.0,95.0,95.0,97.0,100.0
151.0,136.0,124.0,109.0,96.0,87.0,85.0,95.0,119.0,149.0,178.0,200.0,216.0,226.0,232.0,234.0,232.0,229.0,222.0,209.0,186.0,163.0,161.0,173.0,163.0,157.0,150.0,138.0,128.0,131.0,142.0,153.0,152.0,143.0,136.0,147.0,166.0,171.0,184.0,193.0,187.0,199.0,196.0,215.0,197.0,169.0,141.0,138.0,148.0,187.0,200.0,192.0,190.0,180.0,178.0,158.0,193.0,130.0,95.0,99.0,69.0,70.0,67.0,76.0,72.0,79.0,72.0,51.0,44.0,57.0,76.0,93.0,95.0,109.0,123.0,146.0,147.0,156.0,157.0,153.0,144.0,133.0,126.0,120.0,100.0,109.0,112.0,114.0,105.0,97.0,101.0,90.0,88.0,81.0,92.0,93.0,94.0,98.0,92.0,92.0,92.0,99.0,110.0,123.0,134.0,145.0,152.0,155.0,158.0,158.0,157.0,154.0,149.0,143.0,136.0,128.0,124.0,122.0,121.0,118.0,113.0,106.0,101.0,97.0,93.0,95.0,98.0,99.0
150.0,138.0,124.0,110.0,96.0,84.0,82.0,93.0,116.0,145.0,174.0,198.0,214.0,224.0,231.0,234.0,234.0,232.0,229.0,223.0,214.0,202.0,189.0,174.0,167.0,153.0,138.0,136.0,141.0,128.0,121.0,123.0,144.0,156.0,167.0,166.0,172.0,170.0,174.0,187.0,194.0,196.0,209.0,210.0,197.0,186.0,183.0,127.0,147.0,199.0,202.0,203.0,209.0,204.0,197.0,193.0,184.0,116.0,100.0,105.0,84.0,74.0,71.0,74.0,63.0,51.0,45.0,37.0,48.0,87.0,96.0,107.0,102.0,116.0,120.0,141.0,144.0,144.0,141.0,139.0,127.0,126.0,120.0,105.0,99.0,97.0,95.0,92.0,104.0,97.0,93.0,87.0,86.0,94.0,98.0,97.0,96.0,92.0,94.0,97.0,102.0,115.0,129.0,140.0,147.0,150.0,152.0,154.0,153.0,152.0,150.0,147.0,142.0,136.0,128.0,123.0,119.0,119.0,117.0,114.0,109.0,104.0,100.0,96.0,95.0,95.0,95.0,96.0
155.0,140.0,123.0,109.0,94.0,84.0,83.0,92.0,111.0,141.0,172.0,197.0,213.0,223.0,230.0,233.0,233.0,232.0,229.0,226.0,221.0,216.0,207.0,189.0,171.0,157.0,153.0,138.0,124.0,137.0,152.0,134.0,138.0,158.0,161.0,156.0,153.0,164.0,190.0,193.0,187.0,199.0,216.0,215.0,197.0,204.0,160.0,122.0,190.0,203.0,199.0,199.0,202.0,206.0,201.0,197.0,148.0,129.0,101.0,94.0,87.0,89.0,75.0,69.0,66.0,61.0,35.0,40.0,84.0,93.0,120.0,121.0,101.0,121.0,138.0,124.0,138.0,128.0,125.0,121.0,120.0,112.0,103.0,89.0,89.0,86.0,94.0,102.0,92.0,87.0,89.0,87.0,87.0,91.0,97.0,99.0,95.0,97.0,101.0,110.0,119.0,130.0,141.0,149.0,154.0,152.0,151.0,150.0,149.0,147.0,144.0,140.0,133.0,128.0,121.0,115.0,115.0,117.0,117.0,112.0,109.0,104.0,100.0,97.0,94.0,93.0,96.0,96.0
164.0,155.0,146.0,137.0,127.0,122.0,121.0,123.0,137.0,161.0,183.0,199.0,212.0,223.0,228.0,233.0,233.0,231.0,229.0,227.0,222.0,219.0,213.0,205.0,194.0,175.0,166.0,156.0,143.0,127.0,151.0,148.0,147.0,155.0,148.0,145.0,154.0,162.0,200.0,190.0,201.0,215.0,222.0,195.0,209.0,194.0,143.0,155.0,204.0,213.0,208.0,208.0,212.0,214.0,211.0,185.0,172.0,137.0,120.0,124.0,108.0,96.0,76.0,69.0,69.0,59.0,53.0,35.0,59.0,119.0,120.0,126.0,122.0,118.0,125.0,130.0,132.0,124.0,125.0,118.0,116.0,103.0,88.0,79.0,67.0,74.0,84.0,85.0,84.0,83.0,85.0,88.0,89.0,92.0,89.0,92.0,97.0,105.0,116.0,127.0,138.0,146.0,150.0,154.0,153.0,153.0,150.0,147.0,143.0,141.0,137.0,131.0,126.0,121.0,115.0,112.0,112.0,116.0,115.0,112.0,109.0,103.0,100.0,98.0,98.0,97.0,97.0,98.0
162.0,156.0,152.0,148.0,149.0,152.0,162.0,171.0,177.0,186.0,196.0,210.0,220.0,229.0,232.0,233.0,233.0,231.0,229.0,226.0,223.0,221.0,218.0,217.0,210.0,199.0,181.0,164.0,146.0,145.0,135.0,122.0,151.0,156.0,143.0,138.0,162.0,165.0,192.0,212.0,221.0,224.0,200.0,196.0,191.0,198.0,154.0,181.0,206.0,207.0,207.0,206.0,216.0,215.0,195.0,199.0,162.0,162.0,166.0,107.0,105.0,87.0,83.0,76.0,74.0,65.0,60.0,43.0,65.0,113.0,117.0,130.0,137.0,126.0,122.0,142.0,131.0,124.0,125.0,116.0,109.0,106.0,100.0,89.0,88.0,96.0,76.0,82.0,89.0,87.0,84.0,83.0,87.0,91.0,96.0,101.0,111.0,122.0,132.0,141.0,147.0,153.0,156.0,156.0,157.0,154.0,151.0,146.0,141.0,139.0,134.0,127.0,120.0,115.0,113.0,114.0,116.0,118.0,117.0,114.0,113.0,109.0,104.0,103.0,101.0,98.0,97.0,96.0
168.0,162.0,153.0,146.0,141.0,139.0,141.0,153.0,169.0,191.0,208.0,219.0,228.0,234.0,238.0,238.0,236.0,232.0,228.0,225.0,222.0,222.0,221.0,220.0,218.0,214.0,203.0,186.0,149.0,136.0,131.0,135.0,131.0,119.0,142.0,170.0,177.0,194.0,213.0,224.0,217.0,210.0,200.0,203.0,187.0,206.0,144.0,174.0,204.0,208.0,217.0,213.0,204.0,212.0,215.0,202.0,185.0,180.0,163.0,143.0,98.0,82.0,82.0,74.0,76.0,70.0,65.0,57.0,56.0,97.0,113.0,125.0,136.0,142.0,134.0,145.0,139.0,128.0,111.0,107.0,112.0,100.0,95.0,94.0,89.0,84.0,86.0,81.0,88.0,92.0,86.0,86.0,89.0,97.0,106.0,117.0,126.0,134.0,142.0,147.0,152.0,155.0,157.0,157.0,156.0,154.0,151.0,147.0,142.0,138.0,135.0,130.0,122.0,119.0,118.0,116.0,118.0,119.0,118.0,115.0,112.0,109.0,105.0,103.0,100.0,96.0,95.0,92.0
168.0,157.0,144.0,132.0,122.0,115.0,114.0,120.0,137.0,163.0,187.0,208.0,222.0,232.0,239.0,242.0,243.0,242.0,237.0,229.0,222.0,218.0,216.0,215.0,213.0,215.0,216.0,215.0,203.0,166.0,132.0,124.0,124.0,139.0,143.0,145.0,161.0,190.0,194.0,208.0,218.0,207.0,204.0,197.0,210.0,172.0,152.0,185.0,208.0,211.0,199.0,203.0,223.0,219.0,210.0,203.0,175.0,177.0,127.0,143.0,115.0,98.0,84.0,65.0,69.0,60.0,56.0,68.0,68.0,85.0,108.0,131.0,129.0,137.0,148.0,152.0,150.0,135.0,121.0,107.0,110.0,95.0,101.0,85.0,98.0,87.0,85.0,90.0,92.0,89.0,90.0,99.0,109.0,122.0,130.0,136.0,141.0,144.0,148.0,151.0,154.0,156.0,156.0,155.0,155.0,153.0,152.0,149.0,146.0,143.0,139.0,131.0,124.0,116.0,117.0,117.0,119.0,119.0,119.0,115.0,113.0,107.0,104.0,101.0,96.0,95.0,92.0,89.0
164.0,150.0,136.0,122.0,109.0,101.0,96.0,102.0,118.0,143.0,172.0,195.0,213.0,225.0,232.0,236.0,239.0,242.0,243.0,242.0,238.0,229.0,216.0,206.0,205.0,207.0,213.0,216.0,216.0,202.0,167.0,137.0,128.0,129.0,145.0,157.0,179.0,200.0,194.0,208.0,201.0,218.0,206.0,196.0,185.0,164.0,163.0,179.0,213.0,198.0,206.0,211.0,224.0,217.0,201.0,206.0,187.0,157.0,135.0,143.0,137.0,90.0,81.0,75.0,68.0,64.0,55.0,61.0,55.0,88.0,102.0,128.0,123.0,127.0,146.0,150.0,155.0,149.0,137.0,130.0,120.0,127.0,119.0,106.0,90.0,89.0,85.0,90.0,91.0,96.0,105.0,117.0,127.0,134.0,139.0,143.0,145.0,148.0,151.0,153.0,154.0,156.0,155.0,156.0,155.0,154.0,152.0,149.0,146.0,143.0,138.0,132.0,127.0,120.0,117.0,117.0,119.0,118.0,116.0,113.0,110.0,107.0,103.0,100.0,96.0,93.0,90.0,88.0
163.0,148.0,133.0,118.0,106.0,94.0,88.0,94.0,110.0,134.0,162.0,186.0,205.0,218.0,227.0,232.0,233.0,234.0,236.0,237.0,240.0,243.0,241.0,228.0,213.0,205.0,208.0,215.0,218.0,215.0,203.0,165.0,135.0,133.0,144.0,153.0,177.0,188.0,202.0,208.0,211.0,209.0,201.0,175.0,179.0,188.0,179.0,185.0,205.0,195.0,212.0,221.0,222.0,219.0,210.0,187.0,169.0,137.0,124.0,127.0,139.0,118.0,90.0,78.0,80.0,66.0,58.0,55.0,74.0,91.0,99.0,120.0,144.0,140.0,143.0,160.0,157.0,150.0,148.0,143.0,135.0,127.0,106.0,105.0,104.0,91.0,94.0,101.0,112.0,121.0,126.0,132.0,136.0,141.0,144.0,146.0,149.0,150.0,152.0,155.0,156.0,156.0,155.0,154.0,153.0,152.0,151.0,150.0,147.0,144.0,137.0,131.0,123.0,120.0,116.0,115.0,115.0,115.0,114.0,111.0,108.0,104.0,102.0,96.0,94.0,90.0,88.0,86.0
164.0,150.0,134.0,118.0,106.0,95.0,89.0,91.0,104.0,126.0,153.0,180.0,200.0,214.0,225.0,230.0,231.0,230.0,229.0,227.0,227.0,228.0,231.0,238.0,240.0,236.0,229.0,222.0,217.0,217.0,215.0,205.0,172.0,144.0,149.0,169.0,194.0,203.0,214.0,209.0,204.0,209.0,187.0,186.0,182.0,204.0,187.0,197.0,202.0,210.0,223.0,228.0,215.0,216.0,192.0,167.0,139.0,116.0,114.0,123.0,130.0,102.0,90.0,77.0,70.0,80.0,72.0,70.0,92.0,80.0,94.0,115.0,120.0,140.0,154.0,172.0,159.0,149.0,128.0,115.0,123.0,117.0,118.0,108.0,96.0,93.0,110.0,120.0,128.0,133.0,138.0,140.0,143.0,145.0,147.0,149.0,150.0,153.0,154.0,156.0,155.0,155.0,153.0,151.0,150.0,148.0,147.0,146.0,143.0,139.0,132.0,124.0,121.0,118.0,116.0,115.0,116.0,116.0,111.0,108.0,105.0,102.0,100.0,95.0,92.0,89.0,86.0,83.0
170.0,156.0,140.0,124.0,110.0,99.0,91.0,91.0,102.0,121.0,145.0,171.0,194.0,210.0,220.0,227.0,229.0,229.0,228.0,225.0,221.0,218.0,215.0,213.0,216.0,226.0,236.0,240.0,240.0,231.0,218.0,209.0,199.0,176.0,169.0,193.0,202.0,190.0,183.0,203.0,207.0,191.0,204.0,212.0,224.0,205.0,196.0,194.0,193.0,207.0,231.0,223.0,207.0,191.0,168.0,171.0,121.0,106.0,110.0,118.0,110.0,104.0,83.0,72.0,66.0,80.0,73.0,90.0,101.0,100.0,99.0,100.0,106.0,130.0,148.0,168.0,173.0,155.0,156.0,154.0,138.0,122.0,126.0,121.0,124.0,130.0,136.0,139.0,140.0,141.0,142.0,143.0,147.0,149.0,152.0,153.0,153.0,154.0,154.0,154.0,154.0,155.0,153.0,153.0,154.0,153.0,148.0,142.0,138.0,133.0,129.0,123.0,119.0,119.0,115.0,116.0,115.0,113.0,111.0,109.0,104.0,101.0,97.0,92.0,89.0,88.0,84.0,82.0
175.0,162.0,146.0,131.0,116.0,104.0,94.0,91.0,98.0,114.0,136.0,163.0,185.0,203.0,215.0,224.0,227.0,228.0,227.0,224.0,221.0,217.0,211.0,208.0,204.0,205.0,212.0,222.0,232.0,239.0,242.0,233.0,217.0,207.0,199.0,187.0,190.0,188.0,192.0,214.0,201.0,204.0,204.0,213.0,203.0,193.0,212.0,211.0,184.0,206.0,215.0,212.0,196.0,172.0,156.0,150.0,125.0,92.0,115.0,117.0,100.0,90.0,75.0,70.0,75.0,69.0,73.0,69.0,100.0,111.0,115.0,114.0,125.0,130.0,153.0,169.0,175.0,169.0,169.0,172.0,163.0,156.0,142.0,142.0,148.0,146.0,143.0,142.0,142.0,143.0,147.0,151.0,153.0,152.0,153.0,154.0,155.0,155.0,157.0,158.0,157.0,156.0,153.0,151.0,149.0,147.0,144.0,139.0,132.0,127.0,124.0,122.0,119.0,116.0,116.0,115.0,114.0,112.0,109.0,106.0,102.0,98.0,93.0,90.0,88.0,85.0,83.0,80.0
180.0,168.0,154.0,138.0,123.0,110.0,99.0,94.0,94.0,107.0,127.0,151.0,172.0,191.0,206.0,217.0,223.0,226.0,226.0,225.0,223.0,219.0,215.0,209.0,202.0,196.0,197.0,203.0,210.0,217.0,222.0,225.0,227.0,220.0,215.0,209.0,187.0,189.0,200.0,204.0,208.0,209.0,207.0,204.0,202.0,219.0,225.0,215.0,191.0,211.0,229.0,204.0,181.0,166.0,145.0,142.0,105.0,88.0,105.0,99.0,88.0,87.0,77.0,62.0,70.0,73.0,85.0,81.0,89.0,104.0,111.0,128.0,132.0,135.0,146.0,166.0,180.0,182.0,184.0,172.0,158.0,153.0,152.0,152.0,146.0,144.0,145.0,147.0,148.0,151.0,152.0,153.0,155.0,156.0,159.0,156.0,155.0,153.0,152.0,153.0,152.0,152.0,151.0,149.0,146.0,142.0,138.0,134.0,128.0,122.0,120.0,120.0,117.0,114.0,114.0,113.0,112.0,110.0,107.0,104.0,100.0,95.0,92.0,89.0,87.0,82.0,80.0,80.0
185.0,174.0,161.0,145.0,130.0,116.0,104.0,96.0,92.0,99.0,116.0,135.0,161.0,187.0,206.0,219.0,226.0,231.0,235.0,236.0,235.0,234.0,234.0,231.0,228.0,220.0,213.0,211.0,213.0,213.0,211.0,213.0,213.0,211.0,209.0,204.0,181.0,188.0,194.0,196.0,188.0,194.0,205.0,198.0,205.0,222.0,226.0,210.0,189.0,217.0,224.0,198.0,183.0,148.0,142.0,123.0,93.0,91.0,78.0,89.0,81.0,77.0,73.0,63.0,66.0,86.0,93.0,85.0,100.0,100.0,107.0,122.0,138.0,137.0,149.0,165.0,175.0,179.0,176.0,170.0,162.0,157.0,155.0,150.0,148.0,152.0,152.0,153.0,153.0,154.0,153.0,153.0,151.0,151.0,151.0,150.0,150.0,150.0,149.0,150.0,150.0,150.0,149.0,147.0,143.0,137.0,133.0,127.0,121.0,118.0,117.0,117.0,116.0,115.0,113.0,113.0,111.0,108.0,105.0,100.0,97.0,94.0,89.0,84.0,83.0,82.0,80.0,77.0
188.0,179.0,168.0,155.0,139.0,124.0,111.0,100.0,92.0,105.0,136.0,172.0,198.0,210.0,216.0,219.0,225.0,230.0,232.0,233.0,233.0,233.0,232.0,232.0,234.0,234.0,232.0,232.0,234.0,237.0,236.0,233.0,232.0,233.0,233.0,222.0,207.0,212.0,196.0,185.0,172.0,179.0,172.0,181.0,209.0,215.0,224.0,213.0,200.0,225.0,218.0,197.0,167.0,147.0,128.0,107.0,96.0,91.0,78.0,74.0,81.0,75.0,75.0,67.0,67.0,90.0,97.0,107.0,110.0,105.0,117.0,135.0,142.0,153.0,167.0,174.0,181.0,177.0,174.0,174.0,171.0,164.0,155.0,152.0,150.0,150.0,148.0,146.0,146.0,146.0,148.0,147.0,148.0,149.0,149.0,150.0,150.0,149.0,149.0,148.0,149.0,150.0,147.0,145.0,140.0,135.0,128.0,121.0,118.0,118.0,117.0,118.0,116.0,115.0,114.0,112.0,109.0,108.0,102.0,99.0,94.0,89.0,86.0,85.0,82.0,78.0,78.0,75.0
191.0,184.0,174.0,162.0,146.0,131.0,119.0,121.0,139.0,156.0,158.0,157.0,161.0,174.0,189.0,203.0,216.0,224.0,229.0,232.0,232.0,231.0,230.0,228.0,226.0,223.0,223.0,224.0,228.0,231.0,234.0,234.0,233.0,237.0,239.0,234.0,227.0,218.0,188.0,204.0,214.0,214.0,191.0,203.0,202.0,211.0,212.0,211.0,209.0,223.0,211.0,188.0,173.0,162.0,133.0,118.0,104.0,79.0,87.0,75.0,72.0,80.0,81.0,78.0,78.0,87.0,102.0,104.0,108.0,131.0,144.0,151.0,161.0,167.0,180.0,182.0,182.0,178.0,175.0,173.0,166.0,156.0,148.0,147.0,146.0,147.0,149.0,151.0,151.0,153.0,153.0,153.0,153.0,153.0,154.0,155.0,153.0,152.0,153.0,152.0,152.0,151.0,150.0,147.0,141.0,133.0,127.0,121.0,118.0,117.0,118.0,116.0,115.0,115.0,113.0,111.0,109.0,105.0,101.0,94.0,90.0,86.0,82.0,80.0,78.0,78.0,77.0,75.0
193.0,187.0,179.0,167.0,153.0,149.0,153.0,154.0,142.0,125.0,115.0,119.0,137.0,162.0,185.0,202.0,215.0,222.0,227.0,229.0,227.0,227.0,223.0,218.0,214.0,210.0,205.0,202.0,202.0,204.0,203.0,205.0,213.0,226.0,239.0,239.0,232.0,208.0,198.0,209.0,208.0,203.0,195.0,204.0,213.0,206.0,194.0,146.0,218.0,218.0,194.0,175.0,156.0,148.0,135.0,105.0,84.0,88.0,87.0,85.0,73.0,75.0,80.0,82.0,71.0,81.0,90.0,116.0,135.0,145.0,167.0,179.0,173.0,177.0,176.0,176.0,177.0,181.0,178.0,171.0,168.0,165.0,159.0,154.0,149.0,148.0,147.0,147.0,148.0,149.0,150.0,150.0,149.0,150.0,151.0,150.0,149.0,148.0,147.0,146.0,146.0,146.0,143.0,139.0,134.0,126.0,122.0,121.0,122.0,125.0,124.0,121.0,116.0,114.0,112.0,111.0,107.0,103.0,97.0,93.0,87.0,83.0,79.0,77.0,77.0,74.0,73.0,72.0
193.0,189.0,182.0,177.0,175.0,173.0,160.0,136.0,121.0,106.0,104.0,113.0,131.0,154.0,177.0,196.0,209.0,220.0,227.0,232.0,233.0,234.0,232.0,228.0,227.0,225.0,224.0,223.0,221.0,218.0,217.0,216.0,216.0,228.0,241.0,239.0,233.0,227.0,225.0,217.0,212.0,179.0,179.0,197.0,210.0,218.0,202.0,137.0,207.0,196.0,176.0,140.0,123.0,116.0,101.0,88.0,79.0,91.0,73.0,55.0,49.0,48.0,61.0,73.0,78.0,59.0,130.0,160.0,164.0,167.0,177.0,179.0,172.0,170.0,173.0,172.0,167.0,177.0,180.0,179.0,178.0,171.0,159.0,156.0,155.0,155.0,155.0,154.0,155.0,154.0,154.0,152.0,150.0,151.0,150.0,150.0,150.0,151.0,148.0,148.0,148.0,147.0,144.0,139.0,130.0,123.0,115.0,115.0,116.0,118.0,120.0,120.0,120.0,120.0,116.0,111.0,106.0,100.0,94.0,89.0,84.0,81.0,77.0,74.0,73.0,74.0,70.0,70.0
193.0,190.0,189.0,188.0,182.0,166.0,148.0,132.0,114.0,101.0,98.0,103.0,123.0,156.0,188.0,208.0,217.0,223.0,227.0,229.0,230.0,232.0,232.0,231.0,232.0,232.0,231.0,229.0,226.0,222.0,220.0,217.0,216.0,217.0,226.0,231.0,229.0,224.0,212.0,208.0,211.0,205.0,209.0,216.0,226.0,208.0,223.0,196.0,181.0,156.0,126.0,93.0,71.0,64.0,61.0,65.0,60.0,60.0,44.0,31.0,30.0,31.0,33.0,46.0,54.0,109.0,171.0,181.0,183.0,178.0,174.0,176.0,167.0,166.0,174.0,173.0,175.0,178.0,179.0,179.0,173.0,159.0,143.0,139.0,140.0,140.0,141.0,142.0,142.0,145.0,145.0,148.0,148.0,147.0,146.0,144.0,143.0,144.0,142.0,141.0,139.0,136.0,135.0,133.0,129.0,126.0,127.0,125.0,122.0,118.0,117.0,115.0,115.0,113.0,113.0,110.0,106.0,101.0,95.0,87.0,81.0,76.0,73.0,70.0,71.0,69.0,66.0,67.0
195.0,195.0,194.0,186.0,174.0,160.0,145.0,131.0,116.0,104.0,108.0,131.0,162.0,176.0,182.0,191.0,203.0,215.0,225.0,232.0,232.0,232.0,228.0,223.0,219.0,214.0,208.0,201.0,195.0,187.0,176.0,170.0,180.0,193.0,206.0,220.0,238.0,236.0,224.0,215.0,215.0,226.0,232.0,233.0,220.0,209.0,222.0,196.0,166.0,123.0,93.0,72.0,51.0,45.0,43.0,43.0,42.0,38.0,36.0,33.0,29.0,30.0,34.0,49.0,95.0,153.0,180.0,187.0,182.0,184.0,182.0,178.0,176.0,177.0,177.0,179.0,179.0,171.0,167.0,168.0,164.0,152.0,143.0,138.0,140.0,140.0,140.0,141.0,142.0,143.0,145.0,146.0,145.0,145.0,146.0,147.0,145.0,142.0,142.0,140.0,138.0,135.0,131.0,126.0,122.0,120.0,120.0,121.0,121.0,123.0,122.0,118.0,113.0,107.0,103.0,100.0,97.0,93.0,89.0,85.0,82.0,75.0,69.0,67.0,65.0,62.0,65.0,67.0
197.0,196.0,188.0,179.0,170.0,158.0,147.0,134.0,127.0,137.0,147.0,144.0,139.0,149.0,161.0,181.0,204.0,217.0,221.0,224.0,226.0,226.0,223.0,218.0,211.0,205.0,197.0,192.0,193.0,194.0,193.0,188.0,176.0,164.0,157.0,165.0,207.0,232.0,231.0,218.0,218.0,208.0,192.0,219.0,235.0,237.0,233.0,215.0,171.0,131.0,93.0,67.0,54.0,46.0,39.0,34.0,33.0,32.0,37.0,36.0,35.0,36.0,46.0,85.0,141.0,175.0,186.0,184.0,181.0,176.0,176.0,176.0,177.0,177.0,170.0,161.0,164.0,165.0,157.0,159.0,157.0,157.0,154.0,154.0,154.0,154.0,154.0,152.0,151.0,153.0,152.0,151.0,148.0,144.0,143.0,140.0,139.0,140.0,139.0,136.0,134.0,131.0,126.0,123.0,119.0,119.0,119.0,120.0,117.0,115.0,114.0,112.0,112.0,111.0,105.0,97.0,90.0,85.0,80.0,76.0,73.0,73.0,71.0,67.0,63.0,64.0,64.0,65.0
194.0,189.0,182.0,175.0,168.0,158.0,150.0,151.0,153.0,140.0,126.0,120.0,124.0,138.0,159.0,182.0,198.0,204.0,211.0,217.0,222.0,223.0,221.0,214.0,208.0,204.0,207.0,206.0,197.0,183.0,172.0,161.0,163.0,165.0,181.0,194.0,205.0,207.0,216.0,219.0,218.0,204.0,193.0,216.0,219.0,233.0,240.0,233.0,210.0,178.0,159.0,119.0,68.0,56.0,42.0,25.0,24.0,33.0,44.0,36.0,42.0,82.0,116.0,143.0,165.0,176.0,176.0,178.0,179.0,178.0,172.0,163.0,164.0,167.0,162.0,151.0,159.0,167.0,166.0,159.0,150.0,139.0,137.0,137.0,137.0,138.0,138.0,139.0,140.0,141.0,144.0,146.0,149.0,149.0,148.0,146.0,146.0,141.0,139.0,137.0,134.0,131.0,125.0,123.0,120.0,121.0,120.0,117.0,114.0,112.0,109.0,105.0,101.0,99.0,99.0,97.0,90.0,80.0,71.0,69.0,65.0,62.0,62.0,64.0,63.0,62.0,62.0,64.0
189.0,184.0,179.0,173.0,167.0,163.0,161.0,153.0,137.0,124.0,114.0,114.0,125.0,142.0,161.0,174.0,183.0,194.0,204.0,213.0,218.0,221.0,220.0,217.0,216.0,210.0,196.0,188.0,186.0,192.0,200.0,204.0,201.0,186.0,172.0,163.0,147.0,146.0,171.0,188.0,187.0,205.0,217.0,224.0,219.0,223.0,233.0,235.0,221.0,209.0,184.0,168.0,97.0,63.0,49.0,25.0,23.0,39.0,45.0,30.0,82.0,130.0,156.0,167.0,175.0,176.0,177.0,172.0,173.0,166.0,163.0,143.0,146.0,160.0,162.0,159.0,152.0,151.0,149.0,144.0,142.0,143.0,145.0,144.0,139.0,138.0,138.0,138.0,139.0,139.0,140.0,139.0,137.0,138.0,138.0,136.0,139.0,140.0,143.0,144.0,140.0,135.0,131.0,128.0,125.0,122.0,119.0,115.0,111.0,108.0,104.0,100.0,96.0,91.0,86.0,85.0,80.0,79.0,74.0,66.0,60.0,57.0,58.0,58.0,58.0,63.0,63.0,63.0
187.0,181.0,176.0,172.0,170.0,166.0,152.0,140.0,127.0,118.0,115.0,121.0,137.0,147.0,150.0,156.0,169.0,185.0,197.0,208.0,214.0,219.0,222.0,219.0,210.0,202.0,202.0,205.0,203.0,197.0,190.0,184.0,171.0,160.0,148.0,136.0,130.0,129.0,138.0,152.0,170.0,180.0,187.0,191.0,213.0,216.0,217.0,208.0,205.0,191.0,179.0,174.0,145.0,84.0,56.0,31.0,28.0,42.0,41.0,75.0,135.0,159.0,166.0,169.0,171.0,170.0,169.0,168.0,159.0,162.0,160.0,159.0,156.0,160.0,157.0,159.0,148.0,143.0,142.0,144.0,144.0,142.0,141.0,141.0,140.0,140.0,138.0,135.0,136.0,137.0,139.0,139.0,138.0,137.0,134.0,132.0,132.0,133.0,136.0,136.0,136.0,139.0,138.0,137.0,131.0,126.0,120.0,114.0,108.0,102.0,98.0,94.0,89.0,84.0,78.0,74.0,68.0,65.0,66.0,67.0,62.0,57.0,55.0,54.0,57.0,60.0,60.0,62.0
184.0,180.0,178.0,175.0,165.0,153.0,141.0,131.0,124.0,117.0,119.0,133.0,141.0,135.0,132.0,139.0,156.0,174.0,189.0,202.0,212.0,219.0,219.0,216.0,216.0,213.0,203.0,192.0,189.0,185.0,179.0,174.0,170.0,160.0,145.0,134.0,132.0,140.0,143.0,149.0,155.0,188.0,183.0,166.0,176.0,195.0,211.0,204.0,193.0,183.0,179.0,170.0,164.0,134.0,71.0,39.0,30.0,43.0,78.0,143.0,158.0,164.0,168.0,165.0,171.0,166.0,163.0,167.0,164.0,164.0,164.0,157.0,152.0,145.0,144.0,145.0,139.0,137.0,137.0,133.0,134.0,136.0,137.0,137.0,141.0,141.0,142.0,141.0,140.0,137.0,135.0,135.0,135.0,136.0,136.0,135.0,133.0,133.0,134.0,135.0,135.0,132.0,132.0,131.0,134.0,131.0,127.0,117.0,107.0,101.0,93.0,88.0,82.0,78.0,73.0,67.0,61.0,59.0,56.0,57.0,59.0,57.0,55.0,53.0,55.0,58.0,59.0,62.0
187.0,184.0,179.0,168.0,154.0,143.0,135.0,126.0,119.0,116.0,124.0,133.0,130.0,119.0,117.0,129.0,146.0,165.0,184.0,200.0,211.0,214.0,220.0,222.0,217.0,208.0,198.0,190.0,184.0,181.0,177.0,174.0,169.0,162.0,153.0,149.0,144.0,137.0,137.0,149.0,178.0,163.0,150.0,156.0,158.0,163.0,177.0,177.0,179.0,174.0,166.0,163.0,162.0,149.0,118.0,89.0,61.0,87.0,131.0,157.0,164.0,162.0,160.0,164.0,165.0,168.0,168.0,161.0,160.0,155.0,149.0,142.0,142.0,139.0,139.0,144.0,144.0,140.0,137.0,135.0,132.0,132.0,133.0,133.0,135.0,134.0,135.0,137.0,140.0,142.0,140.0,135.0,133.0,133.0,134.0,134.0,134.0,137.0,137.0,137.0,136.0,132.0,131.0,127.0,122.0,120.0,118.0,121.0,116.0,103.0,91.0,83.0,76.0,71.0,66.0,60.0,57.0,52.0,50.0,48.0,50.0,53.0,56.0,57.0,57.0,58.0,61.0,61.0
189.0,182.0,172.0,162.0,150.0,139.0,130.0,122.0,114.0,117.0,125.0,126.0,120.0,106.0,111.0,120.0,134.0,156.0,181.0,192.0,202.0,213.0,218.0,216.0,214.0,207.0,200.0,192.0,185.0,181.0,178.0,174.0,169.0,166.0,161.0,150.0,138.0,134.0,152.0,169.0,148.0,137.0,137.0,148.0,149.0,156.0,155.0,158.0,160.0,155.0,154.0,147.0,143.0,138.0,131.0,117.0,92.0,111.0,137.0,142.0,146.0,145.0,150.0,153.0,156.0,156.0,152.0,146.0,147.0,147.0,143.0,142.0,135.0,135.0,134.0,135.0,133.0,139.0,141.0,138.0,137.0,135.0,130.0,130.0,133.0,133.0,133.0,134.0,133.0,134.0,138.0,142.0,140.0,132.0,130.0,131.0,133.0,135.0,138.0,141.0,137.0,134.0,130.0,124.0,119.0,113.0,109.0,104.0,102.0,103.0,99.0,87.0,73.0,63.0,57.0,54.0,50.0,49.0,48.0,45.0,44.0,46.0,49.0,55.0,59.0,60.0,60.0,62.0
186.0,179.0,169.0,161.0,150.0,137.0,128.0,119.0,113.0,116.0,120.0,118.0,103.0,96.0,100.0,108.0,131.0,155.0,165.0,184.0,203.0,210.0,212.0,213.0,214.0,210.0,204.0,195.0,188.0,182.0,177.0,173.0,168.0,161.0,155.0,149.0,139.0,149.0,162.0,143.0,128.0,129.0,136.0,137.0,139.0,148.0,152.0,154.0,156.0,152.0,144.0,142.0,139.0,134.0,124.0,114.0,98.0,104.0,126.0,133.0,139.0,141.0,143.0,145.0,145.0,152.0,146.0,141.0,142.0,141.0,136.0,136.0,130.0,130.0,131.0,134.0,131.0,133.0,134.0,139.0,138.0,137.0,136.0,131.0,131.0,132.0,133.0,132.0,135.0,133.0,134.0,134.0,135.0,137.0,139.0,134.0,132.0,133.0,134.0,136.0,137.0,133.0,127.0,122.0,116.0,110.0,104.0,97.0,91.0,87.0,86.0,86.0,84.0,68.0,53.0,47.0,47.0,44.0,42.0,39.0,41.0,44.0,47.0,51.0,55.0,59.0,61.0,63.0
185.0,180.0,171.0,162.0,150.0,138.0,126.0,117.0,114.0,116.0,114.0,105.0,92.0,89.0,94.0,118.0,128.0,132.0,158.0,183.0,193.0,200.0,208.0,212.0,214.0,213.0,207.0,198.0,190.0,183.0,176.0,169.0,161.0,156.0,151.0,146.0,150.0,159.0,146.0,130.0,123.0,128.0,133.0,130.0,135.0,136.0,141.0,147.0,156.0,156.0,156.0,149.0,137.0,130.0,119.0,112.0,109.0,106.0,106.0,118.0,121.0,126.0,132.0,132.0,135.0,136.0,135.0,132.0,131.0,135.0,133.0,131.0,132.0,127.0,128.0,129.0,132.0,131.0,131.0,132.0,133.0,137.0,136.0,136.0,135.0,132.0,132.0,132.0,133.0,134.0,134.0,133.0,133.0,133.0,133.0,138.0,135.0,134.0,131.0,134.0,133.0,129.0,121.0,117.0,114.0,106.0,98.0,92.0,84.0,79.0,72.0,70.0,70.0,70.0,64.0,51.0,42.0,41.0,38.0,38.0,39.0,43.0,46.0,48.0,51.0,56.0,59.0,63.0
185.0,181.0,173.0,163.0,152.0,141.0,128.0,119.0,115.0,114.0,109.0,97.0,86.0,89.0,104.0,98.0,105.0,127.0,156.0,166.0,178.0,190.0,201.0,207.0,210.0,211.0,207.0,201.0,191.0,183.0,173.0,165.0,157.0,151.0,146.0,144.0,154.0,146.0,136.0,125.0,122.0,125.0,131.0,129.0,133.0,132.0,135.0,139.0,142.0,146.0,157.0,153.0,144.0,140.0,134.0,127.0,124.0,123.0,116.0,117.0,120.0,123.0,129.0,133.0,134.0,137.0,135.0,131.0,128.0,131.0,131.0,127.0,132.0,127.0,124.0,126.0,129.0,132.0,132.0,131.0,130.0,131.0,134.0,136.0,134.0,137.0,134.0,133.0,132.0,132.0,132.0,132.0,133.0,131.0,132.0,130.0,132.0,133.0,132.0,131.0,126.0,124.0,120.0,112.0,108.0,99.0,93.0,85.0,77.0,71.0,64.0,60.0,58.0,60.0,52.0,51.0,51.0,45.0,37.0,38.0,39.0,41.0,45.0,50.0,52.0,53.0,56.0,60.0
185.0,181.0,175.0,167.0,156.0,144.0,132.0,123.0,118.0,113.0,103.0,93.0,88.0,93.0,81.0,83.0,98.0,125.0,136.0,146.0,163.0,178.0,191.0,200.0,207.0,209.0,207.0,200.0,191.0,183.0,173.0,163.0,155.0,147.0,142.0,144.0,142.0,138.0,129.0,123.0,122.0,123.0,127.0,127.0,130.0,130.0,133.0,135.0,137.0,145.0,152.0,149.0,144.0,150.0,144.0,138.0,135.0,136.0,134.0,132.0,130.0,131.0,137.0,137.0,137.0,137.0,133.0,129.0,128.0,131.0,131.0,127.0,130.0,129.0,124.0,124.0,127.0,128.0,131.0,131.0,130.0,129.0,130.0,133.0,137.0,136.0,136.0,136.0,134.0,133.0,132.0,132.0,132.0,132.0,130.0,126.0,124.0,125.0,126.0,125.0,125.0,120.0,114.0,109.0,101.0,93.0,85.0,79.0,68.0,63.0,58.0,52.0,50.0,52.0,45.0,39.0,38.0,41.0,45.0,45.0,41.0,43.0,44.0,46.0,50.0,54.0,56.0,58.0
185.0,183.0,178.0,170.0,160.0,148.0,137.0,128.0,122.0,114.0,104.0,91.0,82.0,75.0,72.0,77.0,101.0,110.0,112.0,129.0,148.0,169.0,184.0,194.0,201.0,204.0,203.0,200.0,193.0,183.0,173.0,160.0,151.0,144.0,138.0,141.0,134.0,131.0,122.0,117.0,120.0,122.0,124.0,125.0,126.0,128.0,129.0,133.0,136.0,140.0,145.0,140.0,144.0,147.0,145.0,140.0,141.0,142.0,141.0,137.0,133.0,134.0,140.0,137.0,136.0,135.0,130.0,128.0,127.0,128.0,129.0,128.0,127.0,130.0,124.0,123.0,125.0,127.0,130.0,134.0,130.0,129.0,130.0,132.0,135.0,137.0,136.0,137.0,138.0,134.0,132.0,133.0,132.0,128.0,126.0,122.0,120.0,121.0,119.0,119.0,117.0,119.0,112.0,104.0,95.0,85.0,79.0,73.0,63.0,56.0,51.0,47.0,40.0,46.0,44.0,36.0,31.0,33.0,35.0,41.0,47.0,47.0,45.0,47.0,49.0,52.0,58.0,58.0
186.0,184.0,180.0,174.0,165.0,155.0,145.0,135.0,127.0,116.0,105.0,91.0,81.0,73.0,70.0,80.0,96.0,86.0,94.0,115.0,137.0,158.0,173.0,185.0,193.0,197.0,197.0,197.0,192.0,183.0,170.0,157.0,146.0,139.0,135.0,137.0,130.0,125.0,117.0,114.0,114.0,117.0,121.0,121.0,124.0,127.0,129.0,131.0,136.0,141.0,141.0,139.0,141.0,145.0,143.0,141.0,143.0,143.0,141.0,136.0,133.0,133.0,138.0,134.0,130.0,131.0,127.0,125.0,124.0,125.0,127.0,127.0,127.0,130.0,124.0,123.0,124.0,126.0,129.0,130.0,130.0,130.0,132.0,132.0,134.0,137.0,139.0,137.0,137.0,135.0,131.0,132.0,130.0,126.0,122.0,119.0,117.0,116.0,115.0,114.0,112.0,109.0,104.0,104.0,90.0,77.0,70.0,64.0,57.0,49.0,43.0,40.0,34.0,44.0,38.0,31.0,29.0,31.0,32.0,34.0,39.0,42.0,47.0,48.0,50.0,51.0,54.0,56.0
186.0,185.0,181.0,177.0,170.0,164.0,154.0,142.0,133.0,122.0,109.0,97.0,85.0,77.0,77.0,87.0,79.0,72.0,85.0,107.0,125.0,145.0,161.0,173.0,181.0,188.0,191.0,193.0,190.0,184.0,172.0,157.0,144.0,135.0,131.0,131.0,127.0,117.0,114.0,111.0,111.0,112.0,116.0,119.0,122.0,126.0,128.0,131.0,137.0,142.0,140.0,138.0,142.0,145.0,143.0,142.0,144.0,143.0,139.0,133.0,133.0,131.0,134.0,133.0,129.0,129.0,127.0,126.0,124.0,123.0,124.0,125.0,124.0,127.0,125.0,124.0,124.0,126.0,129.0,129.0,131.0,130.0,132.0,134.0,135.0,134.0,137.0,139.0,137.0,136.0,135.0,129.0,127.0,124.0,119.0,115.0,114.0,113.0,109.0,110.0,108.0,102.0,95.0,89.0,86.0,77.0,64.0,54.0,49.0,42.0,39.0,34.0,32.0,36.0,30.0,28.0,28.0,29.0,31.0,32.0,35.0,38.0,41.0,47.0,50.0,49.0,52.0,55.0
186.0,186.0,183.0,178.0,174.0,168.0,161.0,151.0,141.0,129.0,118.0,105.0,93.0,85.0,85.0,82.0,69.0,70.0,82.0,95.0,111.0,128.0,145.0,158.0,170.0,179.0,183.0,187.0,186.0,181.0,172.0,159.0,144.0,135.0,127.0,125.0,118.0,110.0,110.0,108.0,108.0,109.0,112.0,114.0,119.0,126.0,129.0,131.0,137.0,139.0,138.0,137.0,143.0,144.0,144.0,143.0,147.0,141.0,137.0,133.0,131.0,131.0,135.0,133.0,129.0,131.0,127.0,124.0,123.0,122.0,123.0,124.0,123.0,126.0,125.0,124.0,124.0,125.0,127.0,128.0,130.0,131.0,133.0,134.0,134.0,134.0,135.0,136.0,137.0,134.0,131.0,129.0,123.0,118.0,116.0,113.0,110.0,109.0,109.0,106.0,101.0,93.0,85.0,77.0,72.0,66.0,61.0,53.0,42.0,37.0,32.0,28.0,29.0,29.0,27.0,26.0,27.0,28.0,30.0,32.0,34.0,37.0,39.0,43.0,47.0,48.0,50.0,53.0
185.0,185.0,184.0,182.0,178.0,173.0,165.0,157.0,148.0,137.0,127.0,114.0,102.0,97.0,95.0,80.0,70.0,72.0,78.0,86.0,98.0,113.0,130.0,143.0,156.0,167.0,176.0,181.0,181.0,178.0,172.0,162.0,149.0,136.0,127.0,122.0,110.0,107.0,105.0,103.0,102.0,103.0,106.0,109.0,113.0,121.0,126.0,131.0,137.0,135.0,134.0,135.0,140.0,142.0,143.0,144.0,146.0,139.0,136.0,133.0,131.0,130.0,134.0,133.0,129.0,131.0,128.0,125.0,121.0,121.0,120.0,123.0,123.0,126.0,126.0,125.0,125.0,125.0,126.0,127.0,128.0,131.0,132.0,131.0,133.0,133.0,134.0,134.0,134.0,135.0,131.0,128.0,122.0,115.0,113.0,110.0,107.0,106.0,103.0,99.0,93.0,85.0,76.0,68.0,60.0,53.0,47.0,45.0,40.0,31.0,27.0,24.0,23.0,24.0,25.0,25.0,25.0,27.0,29.0,31.0,33.0,37.0,40.0,42.0,45.0,49.0,49.0,51.0
184.0,184.0,184.0,182.0,180.0,176.0,170.0,162.0,154.0,146.0,137.0,125.0,115.0,109.0,99.0,83.0,76.0,74.0,75.0,78.0,87.0,100.0,115.0,131.0,145.0,158.0,167.0,171.0,174.0,174.0,170.0,164.0,154.0,139.0,128.0,120.0,110.0,107.0,102.0,98.0,97.0,99.0,102.0,103.0,112.0,116.0,121.0,125.0,129.0,129.0,128.0,131.0,137.0,141.0,140.0,142.0,141.0,137.0,134.0,132.0,129.0,128.0,132.0,130.0,128.0,130.0,128.0,125.0,122.0,119.0,120.0,123.0,124.0,126.0,124.0,125.0,124.0,123.0,125.0,127.0,126.0,128.0,130.0,129.0,131.0,131.0,132.0,133.0,130.0,131.0,128.0,123.0,121.0,115.0,110.0,106.0,105.0,102.0,98.0,91.0,84.0,75.0,67.0,57.0,52.0,43.0,35.0,32.0,33.0,30.0,25.0,23.0,22.0,21.0,23.0,25.0,24.0,27.0,28.0,31.0,34.0,35.0,40.0,43.0,43.0,46.0,48.0,49.0
183.0,184.0,184.0,183.0,181.0,178.0,175.0,169.0,161.0,152.0,144.0,134.0,126.0,118.0,106.0,92.0,86.0,80.0,78.0,79.0,82.0,91.0,104.0,121.0,134.0,144.0,154.0,162.0,167.0,169.0,168.0,165.0,157.0,145.0,134.0,123.0,113.0,107.0,101.0,97.0,96.0,96.0,98.0,101.0,106.0,111.0,114.0,119.0,121.0,122.0,123.0,128.0,134.0,137.0,136.0,138.0,138.0,136.0,132.0,129.0,126.0,126.0,127.0,127.0,127.0,127.0,126.0,124.0,122.0,121.0,119.0,120.0,123.0,123.0,123.0,122.0,123.0,122.0,122.0,123.0,124.0,126.0,128.0,128.0,129.0,129.0,129.0,129.0,128.0,126.0,125.0,119.0,117.0,111.0,106.0,103.0,99.0,93.0,89.0,84.0,74.0,68.0,57.0,48.0,42.0,34.0,27.0,24.0,23.0,25.0,23.0,21.0,19.0,20.0,21.0,23.0,25.0,27.0,28.0,31.0,34.0,36.0,37.0,41.0,42.0,44.0,46.0,45.0
